date,status,price,buy_conf,sell_conf,action
2023-01-03,idle_check_buy,14224.12,0.9771332740783691,0.0,wait
2023-01-04,idle_check_buy,14199.13,1.0,0.0,wait
2023-01-05,idle_check_buy,14301.05,1.0,0.0,wait
2023-01-06,idle_check_buy,14373.34,1.0,0.0,wait
2023-01-09,idle_check_buy,14752.21,0.9999524354934692,0.0,wait
2023-01-10,idle_check_buy,14802.96,1.0,0.0,wait
2023-01-11,idle_check_buy,14751.44,1.0,0.0,wait
2023-01-12,idle_check_buy,14731.64,1.0,0.0,wait
2023-01-13,idle_check_buy,14824.13,0.9737407565116882,0.0,BUY
2023-01-16,holding,14927.01,0.0,0.9999847412109375,hold
2023-01-17,holding,14932.93,0.0,0.9999847412109375,hold
2023-01-30,holding,15493.82,0.0,0.999984860420227,hold
2023-01-31,holding,15265.2,0.0,0.999984860420227,hold
2023-02-01,holding,15420.13,0.0,0.999984860420227,hold
2023-02-02,holding,15595.16,0.0,0.999984860420227,hold
2023-02-03,holding,15602.66,0.0,0.999984860420227,hold
2023-02-06,holding,15392.82,0.0,0.999984860420227,hold
2023-02-07,holding,15400.91,0.0,0.9999847412109375,hold
2023-02-08,holding,15618.17,0.0,0.999984860420227,hold
2023-02-09,holding,15598.71,0.0,0.999984860420227,hold
2023-02-10,holding,15586.65,0.0,0.999984860420227,hold
2023-02-13,holding,15544.28,0.0,0.9999847412109375,hold
2023-02-14,holding,15654.48,0.0,0.9999847412109375,hold
2023-02-15,holding,15432.89,0.0,0.999984860420227,hold
2023-02-16,holding,15550.5,0.0,0.999984860420227,hold
2023-02-17,holding,15479.7,0.0,0.9999847412109375,hold
2023-02-20,holding,15551.23,0.0,0.999984860420227,hold
2023-02-21,holding,15563.0,0.0,0.999984860420227,hold
2023-02-22,holding,15418.77,0.0,0.999984860420227,hold
2023-02-23,holding,15615.41,0.0,0.999984860420227,hold
2023-02-24,holding,15503.79,0.0,0.999984860420227,hold
2023-03-01,holding,15598.49,0.0,0.999984860420227,hold
2023-03-02,holding,15598.72,0.0,0.999984860420227,hold
2023-03-03,holding,15608.42,0.0,0.999984860420227,hold
2023-03-06,holding,15763.51,0.0,0.999984860420227,hold
2023-03-07,holding,15857.89,0.0,0.999984860420227,hold
2023-03-08,holding,15818.2,0.0,0.999984860420227,hold
2023-03-09,holding,15770.66,0.0,0.999984860420227,hold
2023-03-10,holding,15526.2,0.0,0.999984860420227,hold
2023-03-13,holding,15560.49,0.0,0.999984860420227,hold
2023-03-14,holding,15360.42,0.0,0.9999847412109375,hold
2023-03-15,holding,15387.59,0.0,0.9999847412109375,hold
2023-03-16,holding,15221.12,0.0,0.9999847412109375,hold
2023-03-17,holding,15452.96,0.0,0.9999847412109375,hold
2023-03-20,holding,15419.97,0.0,0.9999847412109375,hold
2023-03-21,holding,15513.45,0.0,0.9999847412109375,hold
2023-03-22,holding,15760.46,0.0,0.999984860420227,hold
2023-03-23,holding,15863.95,0.0,0.999984860420227,hold
2023-03-24,holding,15914.7,0.0,0.999984860420227,hold
2023-03-27,holding,15830.31,0.0,0.999984860420227,hold
2023-03-28,holding,15701.48,0.0,0.9999847412109375,hold
2023-03-29,holding,15769.76,0.0,0.9999847412109375,hold
2023-03-30,holding,15849.43,0.0,0.9999847412109375,hold
2023-03-31,holding,15868.06,0.0,0.999984860420227,hold
2023-04-06,holding,15810.77,0.0,0.9999847412109375,hold
2023-04-07,holding,15836.5,0.0,0.9999847412109375,hold
2023-04-10,holding,15876.17,0.0,0.9999847412109375,hold
2023-04-11,holding,15913.88,0.0,0.999984860420227,hold
2023-04-12,holding,15932.97,0.0,0.999984860420227,hold
2023-04-13,holding,15804.76,0.0,0.999984860420227,hold
2023-04-14,holding,15929.43,0.0,0.999984860420227,hold
2023-04-17,holding,15963.55,0.0,0.999984860420227,hold
2023-04-18,holding,15869.44,0.0,0.999984860420227,hold
2023-04-19,holding,15770.47,0.0,0.999984860420227,hold
2023-04-20,holding,15707.52,0.0,0.9999847412109375,hold
2023-04-21,holding,15602.99,0.0,0.999984860420227,hold
2023-04-24,holding,15626.87,0.0,0.9999847412109375,hold
2023-04-25,holding,15370.73,0.0,0.9999847412109375,hold
2023-04-26,holding,15374.63,0.0,0.9999847412109375,hold
2023-04-27,holding,15411.49,0.0,0.9999847412109375,hold
2023-04-28,holding,15579.18,0.0,0.9999847412109375,hold
2023-05-02,holding,15636.48,0.0,0.9999847412109375,hold
2023-05-03,holding,15553.41,0.0,0.9999847412109375,hold
2023-05-04,holding,15609.03,0.0,0.9999847412109375,hold
2023-05-05,holding,15626.07,0.0,0.9999847412109375,hold
2023-05-08,holding,15699.57,0.0,0.9999847412109375,hold
2023-05-09,holding,15727.7,0.0,0.9999847412109375,hold
2023-05-10,holding,15641.76,0.0,0.9999847412109375,hold
2023-05-11,holding,15514.64,0.0,0.9999847412109375,hold
2023-05-12,holding,15502.36,0.0,0.9999847412109375,hold
2023-05-15,holding,15475.05,0.0,0.9999847412109375,hold
2023-05-16,holding,15673.9,0.0,0.9999847412109375,hold
2023-05-17,holding,15925.29,0.0,0.999984860420227,hold
2023-05-18,holding,16101.88,0.0,0.999984860420227,hold
2023-05-19,holding,16174.92,0.0,0.999984860420227,hold
2023-05-22,holding,16180.89,0.0,0.999984860420227,hold
2023-05-23,holding,16188.03,0.0,0.999984860420227,hold
2023-05-24,holding,16159.32,0.0,0.999984860420227,hold
2023-05-25,holding,16292.0,0.0,0.999984860420227,hold
2023-05-26,holding,16505.05,0.0,0.999984860420227,hold
2023-05-29,holding,16636.3,0.0,0.999984860420227,hold
2023-05-30,holding,16622.74,0.0,0.999984860420227,hold
2023-05-31,holding,16578.96,0.0,0.999984860420227,hold
2023-06-01,holding,16512.65,0.0,0.999984860420227,hold
2023-06-02,holding,16706.91,0.0,0.999984860420227,hold
2023-06-05,holding,16714.43,0.0,0.999984860420227,hold
2023-06-06,holding,16761.66,0.0,0.999984860420227,hold
2023-06-07,holding,16922.48,0.0,0.999984860420227,hold
2023-06-08,holding,16733.69,0.0,0.999984860420227,hold
2023-06-09,holding,16886.4,0.0,0.999984860420227,hold
2023-06-12,holding,16955.37,0.0,0.999984860420227,hold
2023-06-13,holding,17216.6,0.0,0.999984860420227,hold
2023-06-14,holding,17238.14,0.0,0.999984860420227,hold
2023-06-15,holding,17334.98,0.0,0.999984860420227,hold
2023-06-16,holding,17288.91,0.0,0.999984860420227,hold
2023-06-19,holding,17274.56,0.0,0.999984860420227,hold
2023-06-20,holding,17184.91,0.0,0.999984860420227,hold
2023-06-21,holding,17202.4,0.0,0.999984860420227,hold
2023-06-26,holding,17059.24,0.0,0.999984860420227,hold
2023-06-27,holding,16887.9,0.0,0.9999847412109375,hold
2023-06-28,holding,16935.63,0.0,0.9999847412109375,hold
2023-06-29,holding,16942.3,0.0,0.9999847412109375,hold
2023-06-30,holding,16915.54,0.0,0.999984860420227,hold
2023-07-03,holding,17084.2,0.0,0.999984860420227,hold
2023-07-04,holding,17140.77,0.0,0.999984860420227,hold
2023-07-05,holding,17056.43,0.0,0.999984860420227,hold
2023-07-06,holding,16762.17,0.0,0.999984860420227,hold
2023-07-07,holding,16664.21,0.0,0.9999847412109375,hold
2023-07-10,holding,16652.8,0.0,0.9999847412109375,hold
2023-07-11,holding,16898.91,0.0,0.9999847412109375,hold
2023-07-12,holding,16962.03,0.0,0.999984860420227,hold
2023-07-13,holding,17061.4,0.0,0.999984860420227,hold
2023-07-14,holding,17283.71,0.0,0.999984860420227,hold
2023-07-17,holding,17334.29,0.0,0.999984860420227,hold
2023-07-18,holding,17227.91,0.0,0.999984860420227,hold
2023-07-19,holding,17116.44,0.0,0.999984860420227,hold
2023-07-20,holding,17164.89,0.0,0.999984860420227,hold
2023-07-21,holding,17030.7,0.0,0.999984860420227,hold
2023-07-24,holding,17033.61,0.0,0.999984860420227,SELL
2023-07-25,idle_check_buy,17198.89,1.0,0.0,wait
2023-07-26,idle_check_buy,17162.55,1.0,0.0,wait
2023-07-27,idle_check_buy,17241.82,1.0,0.0,wait
2023-07-28,idle_check_buy,17292.93,1.0,0.0,wait
2023-07-31,idle_check_buy,17145.43,0.9999901056289673,0.0,BUY
2023-08-01,holding,17212.87,0.0,0.9999847412109375,hold
2023-08-02,holding,16893.73,0.0,0.9999847412109375,hold
2023-08-04,holding,16843.68,0.0,0.9999847412109375,hold
2023-08-07,holding,16996.0,0.0,0.9999847412109375,hold
2023-08-08,holding,16877.07,0.0,0.9999847412109375,hold
2023-08-09,holding,16870.94,0.0,0.9999847412109375,hold
2023-08-10,holding,16634.7,0.0,0.9999847412109375,hold
2023-08-11,holding,16601.25,0.0,0.9999847412109375,hold
2023-08-14,holding,16393.66,0.0,0.9999847412109375,hold
2023-08-15,holding,16454.8,0.0,0.9999847412109375,hold
2023-08-16,holding,16446.78,0.0,0.9999847412109375,hold
2023-08-17,holding,16516.66,0.0,0.9999847412109375,hold
2023-08-18,holding,16381.31,0.0,0.9999847412109375,hold
2023-08-21,holding,16381.49,0.0,0.9999847412109375,hold
2023-08-22,holding,16437.61,0.0,0.9999847412109375,hold
2023-08-23,holding,16576.9,0.0,0.9999847412109375,hold
2023-08-24,holding,16770.87,0.0,0.9999847412109375,hold
2023-08-25,holding,16481.58,0.0,0.9999847412109375,hold
2023-08-28,holding,16509.26,0.0,0.9999847412109375,hold
2023-08-29,holding,16623.65,0.0,0.9999847412109375,hold
2023-08-30,holding,16719.82,0.0,0.9999847412109375,hold
2023-08-31,holding,16634.51,0.0,0.9999847412109375,hold
2023-09-01,holding,16644.94,0.0,0.9999847412109375,hold
2023-09-04,holding,16789.69,0.0,0.9999847412109375,hold
2023-09-05,holding,16791.61,0.0,0.9999847412109375,hold
2023-09-06,holding,16738.16,0.0,0.9999847412109375,hold
2023-09-07,holding,16619.14,0.0,0.9999847412109375,hold
2023-09-08,holding,16576.02,0.0,0.9999847412109375,hold
2023-09-11,holding,16432.95,0.0,0.9999847412109375,hold
2023-09-12,holding,16572.71,0.0,0.9999847412109375,hold
2023-09-13,holding,16581.51,0.0,0.9999847412109375,hold
2023-09-14,holding,16807.56,0.0,0.9999847412109375,hold
2023-09-15,holding,16920.92,0.0,0.999984860420227,hold
2023-09-18,holding,16698.24,0.0,0.9999847412109375,hold
2023-09-19,holding,16636.32,0.0,0.9999847412109375,hold
2023-09-20,holding,16534.75,0.0,0.9999847412109375,hold
2023-09-21,holding,16316.67,0.0,0.9999847412109375,hold
2023-09-22,holding,16344.48,0.0,0.9999847412109375,hold
2023-09-25,holding,16452.23,0.0,0.9999847412109375,hold
2023-09-26,holding,16276.07,0.0,0.9999847412109375,hold
2023-09-27,holding,16310.36,0.0,0.9999847412109375,hold
2023-09-28,holding,16353.74,0.0,0.9999847412109375,hold
2023-10-02,holding,16557.31,0.0,0.9999847412109375,hold
2023-10-03,holding,16454.34,0.0,0.9999847412109375,hold
2023-10-04,holding,16273.38,0.0,0.9999847412109375,hold
2023-10-05,holding,16453.52,0.0,0.9999847412109375,hold
2023-10-06,holding,16520.57,0.0,0.9999847412109375,hold
2023-10-11,holding,16672.03,0.0,0.999984860420227,hold
2023-10-12,holding,16825.91,0.0,0.999984860420227,hold
2023-10-13,holding,16782.57,0.0,0.999984860420227,hold
2023-10-16,holding,16652.24,0.0,0.9999847412109375,hold
2023-10-17,holding,16642.55,0.0,0.9999847412109375,hold
2023-10-18,holding,16440.91,0.0,0.999984860420227,hold
2023-10-19,holding,16452.73,0.0,0.9999847412109375,hold
2023-10-20,holding,16440.72,0.0,0.9999847412109375,hold
2023-10-23,holding,16251.36,0.0,0.9999847412109375,hold
2023-10-24,holding,16309.76,0.0,0.9999847412109375,hold
2023-10-25,holding,16358.89,0.0,0.9999847412109375,hold
2023-10-26,holding,16073.74,0.0,0.9999847412109375,hold
2023-10-27,holding,16134.61,0.0,0.9999847412109375,hold
2023-10-30,holding,16149.68,0.0,0.9999847412109375,hold
2023-10-31,holding,16001.27,0.0,0.9999847412109375,hold
2023-11-01,holding,16038.56,0.0,0.9999847412109375,hold
2023-11-02,holding,16396.95,0.0,0.9999847412109375,hold
2023-11-03,holding,16507.65,0.0,0.9999847412109375,hold
2023-11-06,holding,16649.36,0.0,0.9999847412109375,hold
2023-11-07,holding,16684.95,0.0,0.9999847412109375,hold
2023-11-08,holding,16740.83,0.0,0.999984860420227,hold
2023-11-09,holding,16745.65,0.0,0.999984860420227,hold
2023-11-10,holding,16682.67,0.0,0.9999847412109375,hold
2023-11-13,holding,16839.29,0.0,0.999984860420227,hold
2023-11-14,holding,16915.71,0.0,0.999984860420227,hold
2023-11-15,holding,17128.78,0.0,0.999984860420227,hold
2023-11-16,holding,17171.18,0.0,0.999984860420227,hold
2023-11-17,holding,17208.95,0.0,0.999984860420227,hold
2023-11-20,holding,17210.47,0.0,0.999984860420227,hold
2023-11-21,holding,17416.7,0.0,0.999984860420227,hold
2023-11-22,holding,17310.26,0.0,0.999984860420227,hold
2023-11-23,holding,17294.55,0.0,0.999984860420227,hold
2023-11-24,holding,17287.42,0.0,0.9999847412109375,hold
2023-11-27,holding,17137.42,0.0,0.999984860420227,hold
2023-11-28,holding,17341.25,0.0,0.999984860420227,hold
2023-11-29,holding,17370.56,0.0,0.999984860420227,hold
2023-11-30,holding,17433.85,0.0,0.999984860420227,hold
2023-12-01,holding,17438.35,0.0,0.999984860420227,hold
2023-12-04,holding,17421.48,0.0,0.999984860420227,hold
2023-12-05,holding,17328.01,0.0,0.999984860420227,hold
2023-12-06,holding,17360.72,0.0,0.999984860420227,hold
2023-12-07,holding,17278.74,0.0,0.999984860420227,hold
2023-12-08,holding,17383.99,0.0,0.999984860420227,hold
2023-12-11,holding,17418.34,0.0,0.999984860420227,hold
2023-12-12,holding,17450.63,0.0,0.999984860420227,hold
2023-12-13,holding,17468.93,0.0,0.999984860420227,hold
2023-12-14,holding,17653.11,0.0,0.999984860420227,hold
2023-12-15,holding,17673.87,0.0,0.999984860420227,hold
2023-12-18,holding,17652.03,0.0,0.999984860420227,hold
2023-12-19,holding,17576.55,0.0,0.999984860420227,hold
2023-12-20,holding,17635.2,0.0,0.999984860420227,hold
2023-12-21,holding,17543.74,0.0,0.999984860420227,hold
2023-12-22,holding,17596.63,0.0,0.9999847412109375,hold
2023-12-25,holding,17604.84,0.0,0.9999847412109375,hold
2023-12-26,holding,17751.73,0.0,0.9999847412109375,hold
2023-12-27,holding,17891.5,0.0,0.999984860420227,hold
2023-12-28,holding,17910.37,0.0,0.999984860420227,hold
2023-12-29,holding,17930.81,0.0,0.999984860420227,hold
2024-01-02,holding,17853.76,0.0,0.999984860420227,hold
2024-01-03,holding,17559.31,0.0,0.9999847412109375,hold
2024-01-04,holding,17549.65,0.0,0.9999847412109375,hold
2024-01-05,holding,17519.14,0.0,0.9999847412109375,hold
2024-01-08,holding,17572.66,0.0,0.9999847412109375,hold
2024-01-09,holding,17535.49,0.0,0.9999847412109375,hold
2024-01-10,holding,17465.63,0.0,0.9999847412109375,hold
2024-01-11,holding,17545.32,0.0,0.9999847412109375,hold
2024-01-12,holding,17512.83,0.0,0.9999847412109375,hold
2024-01-15,holding,17546.82,0.0,0.9999847412109375,hold
2024-01-16,holding,17346.87,0.0,0.9999847412109375,hold
2024-01-17,holding,17161.79,0.0,0.9999847412109375,hold
2024-01-18,holding,17227.79,0.0,0.9999847412109375,hold
2024-01-19,holding,17681.52,0.0,0.999984860420227,hold
2024-01-22,holding,17815.1,0.0,0.999984860420227,SELL
2024-01-23,idle_check_buy,17874.59,1.0,0.0,wait
2024-01-24,idle_check_buy,17875.83,1.0,0.0,wait
2024-01-25,idle_check_buy,18002.62,1.0,0.0,wait
2024-01-26,idle_check_buy,17995.03,1.0,0.0,wait
2024-01-29,idle_check_buy,18119.63,1.0,0.0,wait
2024-01-30,idle_check_buy,18034.63,1.0,0.0,wait
2024-01-31,idle_check_buy,17889.56,1.0,0.0,wait
2024-02-01,idle_check_buy,17968.11,1.0,0.0,wait
2024-02-02,idle_check_buy,18059.93,1.0,0.0,wait
2024-02-05,idle_check_buy,18096.07,1.0,0.0,wait
2024-02-15,idle_check_buy,18644.57,0.9999997615814209,0.0,BUY
2024-02-16,holding,18607.25,0.0,0.999984860420227,hold
2024-02-19,holding,18635.8,0.0,0.999984860420227,hold
2024-02-20,holding,18753.16,0.0,0.999984860420227,hold
2024-02-21,holding,18676.31,0.0,0.999984860420227,hold
2024-02-22,holding,18852.78,0.0,0.999984860420227,hold
2024-02-23,holding,18889.19,0.0,0.999984860420227,hold
2024-02-26,holding,18948.05,0.0,0.999984860420227,hold
2024-02-27,holding,18854.41,0.0,0.999984860420227,hold
2024-02-29,holding,18966.77,0.0,0.999984860420227,hold
2024-03-01,holding,18935.93,0.0,0.999984860420227,hold
2024-03-04,holding,19305.31,0.0,0.999984860420227,hold
2024-03-05,holding,19386.92,0.0,0.999984860420227,hold
2024-03-06,holding,19499.45,0.0,0.999984860420227,hold
2024-03-07,holding,19693.52,0.0,0.999984860420227,hold
2024-03-08,holding,19785.32,0.0,0.999984860420227,hold
2024-03-11,holding,19726.08,0.0,0.999984860420227,hold
2024-03-12,holding,19914.55,0.0,0.999984860420227,hold
2024-03-13,holding,19928.51,0.0,0.999984860420227,hold
2024-03-14,holding,19937.92,0.0,0.999984860420227,hold
2024-03-15,holding,19682.5,0.0,0.999984860420227,hold
2024-03-18,holding,19879.85,0.0,0.999984860420227,hold
2024-03-19,holding,19857.2,0.0,0.999984860420227,hold
2024-03-20,holding,19784.45,0.0,0.999984860420227,hold
2024-03-21,holding,20199.09,0.0,0.999984860420227,hold
2024-03-22,holding,20228.43,0.0,0.999984860420227,hold
2024-03-25,holding,20192.25,0.0,0.999984860420227,hold
2024-03-26,holding,20126.49,0.0,0.999984860420227,hold
2024-03-27,holding,20200.12,0.0,0.999984860420227,hold
2024-03-28,holding,20146.55,0.0,0.999984860420227,hold
2024-03-29,holding,20294.45,0.0,0.999984860420227,hold
2024-04-01,holding,20222.33,0.0,0.9999847412109375,hold
2024-04-02,holding,20466.57,0.0,0.999984860420227,hold
2024-04-03,holding,20337.6,0.0,0.999984860420227,hold
2024-04-08,holding,20417.7,0.0,0.999984860420227,hold
2024-04-09,holding,20796.2,0.0,0.999984860420227,hold
2024-04-10,holding,20763.53,0.0,0.999984860420227,hold
2024-04-11,holding,20753.22,0.0,0.999984860420227,hold
2024-04-12,holding,20736.57,0.0,0.999984860420227,hold
2024-04-15,holding,20449.77,0.0,0.999984860420227,hold
2024-04-16,holding,19901.96,0.0,0.999984860420227,hold
2024-04-17,holding,20213.33,0.0,0.9999847412109375,hold
2024-04-18,holding,20301.2,0.0,0.999984860420227,hold
2024-04-19,holding,19527.12,0.0,0.999984860420227,hold
2024-04-22,holding,19411.22,0.0,0.9999847412109375,hold
2024-04-23,holding,19599.28,0.0,0.9999847412109375,hold
2024-04-24,holding,20131.74,0.0,0.9999847412109375,hold
2024-04-25,holding,19857.42,0.0,0.9999847412109375,hold
2024-04-26,holding,20120.51,0.0,0.9999847412109375,hold
2024-04-29,holding,20495.52,0.0,0.9999847412109375,hold
2024-04-30,holding,20396.6,0.0,0.9999847412109375,hold
2024-05-02,holding,20222.44,0.0,0.9999847412109375,hold
2024-05-03,holding,20330.32,0.0,0.9999847412109375,hold
2024-05-06,holding,20523.31,0.0,0.999984860420227,hold
2024-05-07,holding,20653.53,0.0,0.999984860420227,hold
2024-05-08,holding,20700.51,0.0,0.999984860420227,hold
2024-05-09,holding,20560.77,0.0,0.999984860420227,hold
2024-05-10,holding,20708.84,0.0,0.999984860420227,hold
2024-05-13,holding,20857.71,0.0,0.999984860420227,hold
2024-05-14,holding,20985.85,0.0,0.999984860420227,hold
2024-05-15,holding,21147.21,0.0,0.999984860420227,hold
2024-05-16,holding,21304.26,0.0,0.999984860420227,hold
2024-05-17,holding,21258.47,0.0,0.999984860420227,hold
2024-05-20,holding,21271.63,0.0,0.999984860420227,hold
2024-05-21,holding,21236.75,0.0,0.999984860420227,hold
2024-05-22,holding,21551.83,0.0,0.999984860420227,hold
2024-05-23,holding,21607.43,0.0,0.999984860420227,hold
2024-05-24,holding,21565.34,0.0,0.999984860420227,hold
2024-05-27,holding,21803.77,0.0,0.999984860420227,hold
2024-05-28,holding,21858.41,0.0,0.999984860420227,hold
2024-05-29,holding,21662.5,0.0,0.999984860420227,hold
2024-05-30,holding,21364.48,0.0,0.999984860420227,hold
2024-05-31,holding,21174.22,0.0,0.999984860420227,hold
2024-06-03,holding,21536.76,0.0,0.999984860420227,hold
2024-06-04,holding,21356.62,0.0,0.999984860420227,hold
2024-06-05,holding,21484.88,0.0,0.9999847412109375,hold
2024-06-06,holding,21902.7,0.0,0.999984860420227,hold
2024-06-07,holding,21858.38,0.0,0.999984860420227,hold
2024-06-11,holding,21792.12,0.0,0.999984860420227,hold
2024-06-12,holding,22048.96,0.0,0.999984860420227,hold
2024-06-13,holding,22312.04,0.0,0.999984860420227,hold
2024-06-14,holding,22504.72,0.0,0.999984860420227,hold
2024-06-17,holding,22496.53,0.0,0.999984860420227,hold
2024-06-18,holding,22757.43,0.0,0.999984860420227,hold
2024-06-19,holding,23209.54,0.0,0.999984860420227,hold
2024-06-20,holding,23406.1,0.0,0.999984860420227,hold
2024-06-21,holding,23253.39,0.0,0.999984860420227,hold
2024-06-24,holding,22813.7,0.0,0.999984860420227,hold
2024-06-25,holding,22875.97,0.0,0.999984860420227,hold
2024-06-26,holding,22986.69,0.0,0.999984860420227,hold
2024-06-27,holding,22905.98,0.0,0.999984860420227,hold
2024-06-28,holding,23032.25,0.0,0.999984860420227,hold
2024-07-01,holding,23058.57,0.0,0.999984860420227,hold
2024-07-02,holding,22879.37,0.0,0.999984860420227,hold
2024-07-03,holding,23172.43,0.0,0.999984860420227,hold
2024-07-04,holding,23522.53,0.0,0.999984860420227,hold
2024-07-05,holding,23556.59,0.0,0.999984860420227,hold
2024-07-08,holding,23878.15,0.0,0.999984860420227,hold
2024-07-09,holding,23900.08,0.0,0.999984860420227,hold
2024-07-10,holding,24007.08,0.0,0.999984860420227,hold
2024-07-11,holding,24390.03,0.0,0.999984860420227,hold
2024-07-12,holding,23916.93,0.0,0.999984860420227,hold
2024-07-15,holding,23879.36,0.0,0.999984860420227,hold
2024-07-16,holding,23997.25,0.0,0.999984860420227,hold
2024-07-17,holding,23769.82,0.0,0.999984860420227,hold
2024-07-18,holding,23398.47,0.0,0.999984860420227,hold
2024-07-19,holding,22869.26,0.0,0.9999847412109375,hold
2024-07-22,holding,22256.99,0.0,0.9999847412109375,hold
2024-07-23,holding,22871.84,0.0,0.9999847412109375,hold
2024-07-26,holding,22119.21,0.0,0.9999847412109375,hold
2024-07-29,holding,22164.49,0.0,0.9999847412109375,hold
2024-07-30,holding,22223.57,0.0,0.9999847412109375,hold
2024-07-31,holding,22199.35,0.0,0.9999847412109375,hold
2024-08-01,holding,22642.1,0.0,0.9999847412109375,hold
2024-08-02,holding,21638.09,0.0,0.9999847412109375,hold
2024-08-05,holding,19830.88,0.0,0.999984622001648,hold
2024-08-06,holding,20501.02,0.0,0.999984622001648,hold
2024-08-07,holding,21295.28,0.0,0.999984622001648,hold
2024-08-08,holding,20870.1,0.0,0.999984622001648,hold
2024-08-09,holding,21469.0,0.0,0.9999847412109375,hold
2024-08-12,holding,21773.26,0.0,0.9999847412109375,SELL
2024-08-13,idle_check_buy,21796.57,1.0,0.0,wait
2024-08-14,idle_check_buy,22027.25,1.0,0.0,wait
2024-08-15,idle_check_buy,21895.17,1.0,0.0,wait
2024-08-16,idle_check_buy,22349.33,1.0,0.0,wait
2024-08-19,idle_check_buy,22409.63,1.0,0.0,wait
2024-08-20,idle_check_buy,22429.1,1.0,0.0,wait
2024-08-21,idle_check_buy,22237.89,1.0,0.0,wait
2024-08-22,idle_check_buy,22148.83,1.0,0.0,wait
2024-08-23,idle_check_buy,22158.05,1.0,0.0,wait
2024-08-26,idle_check_buy,22240.12,1.0,0.0,wait
2024-08-27,idle_check_buy,22185.0,1.0,0.0,wait
2024-08-28,idle_check_buy,22370.66,1.0,0.0,wait
2024-08-29,idle_check_buy,22201.85,1.0,0.0,wait
2024-08-30,idle_check_buy,22268.09,1.0,0.0,wait
2024-09-02,idle_check_buy,22235.1,1.0,0.0,wait
2024-09-03,idle_check_buy,22092.21,1.0,0.0,wait
2024-09-04,idle_check_buy,21092.75,1.0,0.0,wait
2024-09-05,idle_check_buy,21187.71,1.0,0.0,wait
2024-09-06,idle_check_buy,21435.19,1.0,0.0,wait
2024-09-09,idle_check_buy,21144.44,1.0,0.0,wait
2024-09-10,idle_check_buy,21064.08,1.0,0.0,wait
2024-09-11,idle_check_buy,21031.0,1.0,0.0,wait
2024-09-12,idle_check_buy,21653.25,1.0,0.0,wait
2024-09-13,idle_check_buy,21759.65,1.0,0.0,wait
2024-09-16,idle_check_buy,21850.08,1.0,0.0,wait
2024-09-18,idle_check_buy,21678.84,1.0,0.0,wait
2024-09-19,idle_check_buy,22042.69,1.0,0.0,wait
2024-09-20,idle_check_buy,22159.42,1.0,0.0,wait
2024-09-23,idle_check_buy,22285.53,1.0,0.0,wait
2024-09-24,idle_check_buy,22431.78,1.0,0.0,wait
2024-09-25,idle_check_buy,22761.6,1.0,0.0,wait
2024-09-26,idle_check_buy,22858.81,1.0,0.0,wait
2024-09-27,idle_check_buy,22822.79,1.0,0.0,wait
2024-09-30,idle_check_buy,22224.54,1.0,0.0,wait
2024-10-01,idle_check_buy,22390.39,1.0,0.0,wait
2024-10-04,idle_check_buy,22302.71,1.0,0.0,wait
2024-10-07,idle_check_buy,22702.56,1.0,0.0,wait
2024-10-08,idle_check_buy,22611.39,1.0,0.0,wait
2024-10-09,idle_check_buy,22659.08,1.0,0.0,wait
2024-10-11,idle_check_buy,22901.64,1.0,0.0,wait
2024-10-14,idle_check_buy,22975.29,1.0,0.0,wait
2024-10-15,idle_check_buy,23292.04,1.0,0.0,wait
2024-10-16,idle_check_buy,23010.98,1.0,0.0,wait
2024-10-17,idle_check_buy,23053.84,1.0,0.0,wait
2024-10-18,idle_check_buy,23487.27,1.0,0.0,wait
2024-10-21,idle_check_buy,23542.53,1.0,0.0,wait
2024-10-22,idle_check_buy,23535.43,1.0,0.0,wait
2024-10-23,idle_check_buy,23334.76,1.0,0.0,wait
2024-10-24,idle_check_buy,23192.52,1.0,0.0,wait
2024-10-25,idle_check_buy,23348.45,0.9999998807907104,0.0,wait
2024-10-28,idle_check_buy,23198.07,1.0,0.0,wait
2024-10-29,idle_check_buy,22926.59,1.0,0.0,wait
2024-10-30,idle_check_buy,22820.43,1.0,0.0,wait
2024-11-01,idle_check_buy,22780.08,1.0,0.0,wait
2024-11-04,idle_check_buy,22965.39,1.0,0.0,wait
2024-11-05,idle_check_buy,23106.79,1.0,0.0,wait
2024-11-06,idle_check_buy,23217.38,1.0,0.0,wait
2024-11-07,idle_check_buy,23408.82,1.0,0.0,wait
2024-11-08,idle_check_buy,23553.89,1.0,0.0,wait
2024-11-11,idle_check_buy,23529.64,1.0,0.0,wait
2024-11-12,idle_check_buy,22981.77,1.0,0.0,wait
2024-11-13,idle_check_buy,22860.23,1.0,0.0,wait
2024-11-14,idle_check_buy,22715.38,1.0,0.0,wait
2024-11-15,idle_check_buy,22742.77,1.0,0.0,wait
2024-11-18,idle_check_buy,22546.54,1.0,0.0,wait
2024-11-19,idle_check_buy,22848.8,1.0,0.0,wait
2024-11-20,idle_check_buy,22688.36,1.0,0.0,wait
2024-11-21,idle_check_buy,22555.66,1.0,0.0,wait
2024-11-22,idle_check_buy,22904.32,1.0,0.0,wait
2024-11-25,idle_check_buy,22948.37,1.0,0.0,wait
2024-11-26,idle_check_buy,22678.76,1.0,0.0,wait
2024-11-27,idle_check_buy,22334.78,1.0,0.0,wait
2024-11-28,idle_check_buy,22298.9,1.0,0.0,wait
2024-11-29,idle_check_buy,22262.5,1.0,0.0,wait
2024-12-02,idle_check_buy,22736.93,1.0,0.0,wait
2024-12-03,idle_check_buy,23027.46,1.0,0.0,wait
2024-12-04,idle_check_buy,23255.33,1.0,0.0,wait
2024-12-05,idle_check_buy,23267.94,1.0,0.0,wait
2024-12-06,idle_check_buy,23193.27,1.0,0.0,wait
2024-12-09,idle_check_buy,23273.25,1.0,0.0,wait
2024-12-10,idle_check_buy,23125.08,0.999998927116394,0.0,wait
2024-12-11,idle_check_buy,22903.63,1.0,0.0,wait
2024-12-12,idle_check_buy,23046.8,1.0,0.0,wait
2024-12-13,idle_check_buy,23020.48,1.0,0.0,wait
2024-12-16,idle_check_buy,23039.9,1.0,0.0,wait
2024-12-17,idle_check_buy,23018.01,1.0,0.0,wait
2024-12-18,idle_check_buy,23168.67,1.0,0.0,wait
2024-12-19,idle_check_buy,22932.25,1.0,0.0,wait
2024-12-20,idle_check_buy,22510.25,1.0,0.0,wait
2024-12-23,idle_check_buy,23104.54,1.0,0.0,wait
2024-12-24,idle_check_buy,23120.24,1.0,0.0,wait
2024-12-25,idle_check_buy,23220.13,1.0,0.0,wait
2024-12-26,idle_check_buy,23246.94,1.0,0.0,wait
2024-12-27,idle_check_buy,23275.68,1.0,0.0,wait
2024-12-30,idle_check_buy,23190.2,1.0,0.0,wait
2024-12-31,idle_check_buy,23035.1,1.0,0.0,wait
2025-01-02,idle_check_buy,22832.06,1.0,0.0,wait
2025-01-03,idle_check_buy,22908.3,1.0,0.0,wait
2025-01-06,idle_check_buy,23547.71,1.0,0.0,wait
2025-01-07,idle_check_buy,23651.27,1.0,0.0,wait
2025-01-08,idle_check_buy,23407.33,1.0,0.0,wait
2025-01-09,idle_check_buy,23081.13,1.0,0.0,wait
2025-01-10,idle_check_buy,23011.86,1.0,0.0,wait
2025-01-13,idle_check_buy,22488.33,1.0,0.0,wait
2025-01-14,idle_check_buy,22797.52,1.0,0.0,wait
2025-01-15,idle_check_buy,22514.57,1.0,0.0,wait
2025-01-16,idle_check_buy,23025.1,1.0,0.0,wait
2025-01-17,idle_check_buy,23148.08,1.0,0.0,wait
2025-01-20,idle_check_buy,23266.82,1.0,0.0,wait
2025-01-21,idle_check_buy,23300.01,1.0,0.0,wait
2025-01-22,idle_check_buy,23525.41,1.0,0.0,wait
2025-02-03,idle_check_buy,22694.71,1.0,0.0,wait
2025-02-04,idle_check_buy,22793.96,1.0,0.0,wait
2025-02-05,idle_check_buy,23161.58,1.0,0.0,wait
2025-02-06,idle_check_buy,23316.6,1.0,0.0,wait
2025-02-07,idle_check_buy,23478.27,1.0,0.0,wait
2025-02-10,idle_check_buy,23252.14,1.0,0.0,wait
2025-02-11,idle_check_buy,23384.05,1.0,0.0,wait
2025-02-12,idle_check_buy,23289.75,1.0,0.0,wait
2025-02-13,idle_check_buy,23399.41,1.0,0.0,wait
2025-02-14,idle_check_buy,23152.61,1.0,0.0,wait
2025-02-17,idle_check_buy,23505.33,1.0,0.0,wait
2025-02-18,idle_check_buy,23666.11,1.0,0.0,wait
2025-02-19,idle_check_buy,23604.08,1.0,0.0,wait
2025-02-20,idle_check_buy,23487.46,1.0,0.0,wait
2025-02-21,idle_check_buy,23730.25,1.0,0.0,wait
2025-02-24,idle_check_buy,23565.31,1.0,0.0,wait
2025-02-25,idle_check_buy,23285.72,1.0,0.0,wait
2025-02-26,idle_check_buy,23402.55,1.0,0.0,wait
2025-02-27,idle_check_buy,23053.18,1.0,0.0,wait
2025-03-03,idle_check_buy,22756.25,1.0,0.0,wait
2025-03-04,idle_check_buy,22596.88,1.0,0.0,wait
2025-03-05,idle_check_buy,22871.9,1.0,0.0,wait
2025-03-06,idle_check_buy,22715.43,1.0,0.0,wait
2025-03-07,idle_check_buy,22576.07,1.0,0.0,wait
2025-03-10,idle_check_buy,22459.15,1.0,0.0,wait
2025-03-11,idle_check_buy,22071.09,1.0,0.0,wait
2025-03-12,idle_check_buy,22278.36,0.9999997615814209,0.0,wait
2025-03-13,idle_check_buy,21961.68,1.0,0.0,wait
2025-03-14,idle_check_buy,21968.05,1.0,0.0,wait
2025-03-17,idle_check_buy,22118.63,1.0,0.0,wait
2025-03-18,idle_check_buy,22271.67,1.0,0.0,wait
2025-03-19,idle_check_buy,21960.83,1.0,0.0,wait
2025-03-20,idle_check_buy,22377.26,1.0,0.0,wait
2025-03-21,idle_check_buy,22209.1,1.0,0.0,wait
2025-03-24,idle_check_buy,22106.64,1.0,0.0,wait
2025-03-25,idle_check_buy,22273.19,1.0,0.0,wait
2025-03-26,idle_check_buy,22260.29,1.0,0.0,wait
2025-03-27,idle_check_buy,21951.76,1.0,0.0,wait
2025-03-28,idle_check_buy,21602.89,1.0,0.0,wait
2025-03-31,idle_check_buy,20695.9,0.9999316930770874,0.0,wait
2025-04-01,idle_check_buy,21280.17,1.0,0.0,wait
2025-04-02,idle_check_buy,21298.22,1.0,0.0,wait
2025-04-07,idle_check_buy,19232.35,1.0,0.0,wait
2025-04-08,idle_check_buy,18459.95,0.9594975709915161,0.0,wait
2025-04-09,idle_check_buy,17391.76,1.0,0.0,wait
2025-04-10,idle_check_buy,19000.03,0.9985836744308472,0.0,wait
2025-04-11,idle_check_buy,19528.77,1.0,0.0,wait
2025-04-14,idle_check_buy,19513.09,1.0,0.0,wait
2025-04-15,idle_check_buy,19857.67,0.9999668598175049,0.0,wait
2025-04-16,idle_check_buy,19468.0,1.0,0.0,wait
2025-04-17,idle_check_buy,19338.73,1.0,0.0,wait
2025-04-18,idle_check_buy,19395.03,1.0,0.0,wait
2025-04-21,idle_check_buy,19106.2,1.0,0.0,wait
2025-04-22,idle_check_buy,18793.43,1.0,0.0,wait
2025-04-23,idle_check_buy,19639.14,1.0,0.0,wait
2025-04-24,idle_check_buy,19478.81,1.0,0.0,wait
2025-04-25,idle_check_buy,19872.73,0.9999988079071045,0.0,wait
2025-04-28,idle_check_buy,20034.41,0.6177546977996826,0.0,wait
2025-04-29,idle_check_buy,20232.63,0.9999995231628418,0.0,wait
2025-04-30,idle_check_buy,20235.03,1.0,0.0,wait
2025-05-02,idle_check_buy,20787.64,1.0,0.0,wait
2025-05-05,idle_check_buy,20532.99,0.9999959468841553,0.0,wait
2025-05-06,idle_check_buy,20522.59,0.9909800887107849,0.0,wait
2025-05-07,idle_check_buy,20546.49,1.0,0.0,wait
2025-05-08,idle_check_buy,20543.4,1.0,0.0,wait
2025-05-09,idle_check_buy,20915.04,1.0,0.0,wait
2025-05-12,idle_check_buy,21129.54,1.0,0.0,wait
2025-05-13,idle_check_buy,21330.14,1.0,0.0,wait
2025-05-14,idle_check_buy,21782.87,1.0,0.0,wait
2025-05-15,idle_check_buy,21730.25,1.0,0.0,wait
2025-05-16,idle_check_buy,21843.69,1.0,0.0,wait
2025-05-19,idle_check_buy,21523.83,1.0,0.0,wait
2025-05-20,idle_check_buy,21526.03,1.0,0.0,wait
2025-05-21,idle_check_buy,21803.91,1.0,0.0,wait
2025-05-22,idle_check_buy,21670.96,1.0,0.0,wait
2025-05-23,idle_check_buy,21652.24,1.0,0.0,wait
2025-05-26,idle_check_buy,21536.57,1.0,0.0,wait
2025-05-27,idle_check_buy,21336.54,1.0,0.0,wait
2025-05-28,idle_check_buy,21357.72,1.0,0.0,wait
2025-05-29,idle_check_buy,21347.3,1.0,0.0,wait
2025-06-02,idle_check_buy,21002.71,1.0,0.0,wait
2025-06-03,idle_check_buy,21126.93,1.0,0.0,wait
2025-06-04,idle_check_buy,21618.09,1.0,0.0,wait
2025-06-05,idle_check_buy,21674.43,1.0,0.0,wait
2025-06-06,idle_check_buy,21660.66,1.0,0.0,wait
2025-06-09,idle_check_buy,21790.29,1.0,0.0,wait
2025-06-10,idle_check_buy,22242.14,1.0,0.0,wait
2025-06-11,idle_check_buy,22470.1,1.0,0.0,wait
2025-06-12,idle_check_buy,22287.82,1.0,0.0,wait
2025-06-13,idle_check_buy,22072.95,1.0,0.0,wait
2025-06-16,idle_check_buy,22049.9,1.0,0.0,wait
2025-06-17,idle_check_buy,22211.59,1.0,0.0,wait
2025-06-18,idle_check_buy,22356.73,0.9459969401359558,0.0,wait
2025-06-19,idle_check_buy,22003.5,1.0,0.0,wait
2025-06-20,idle_check_buy,22045.74,1.0,0.0,wait
2025-06-23,idle_check_buy,21732.02,1.0,0.0,wait
2025-06-24,idle_check_buy,22188.76,1.0,0.0,wait
2025-06-25,idle_check_buy,22430.61,1.0,0.0,wait
2025-06-26,idle_check_buy,22492.34,1.0,0.0,wait
2025-06-27,idle_check_buy,22580.08,1.0,0.0,wait
2025-06-30,idle_check_buy,22256.02,1.0,0.0,wait
2025-07-01,idle_check_buy,22553.72,1.0,0.0,wait
2025-07-02,idle_check_buy,22577.74,1.0,0.0,wait
2025-07-03,idle_check_buy,22712.97,1.0,0.0,wait
2025-07-04,idle_check_buy,22547.5,0.8718807697296143,0.0,wait
2025-07-07,idle_check_buy,22428.72,1.0,0.0,wait
2025-07-08,idle_check_buy,22362.27,1.0,0.0,wait
2025-07-09,idle_check_buy,22527.01,1.0,0.0,wait
2025-07-10,idle_check_buy,22693.25,1.0,0.0,wait
2025-07-11,idle_check_buy,22751.03,1.0,0.0,wait
2025-07-14,idle_check_buy,22614.97,1.0,0.0,wait
2025-07-15,idle_check_buy,22835.94,0.9272362589836121,0.0,wait
2025-07-16,idle_check_buy,23042.9,1.0,0.0,wait
2025-07-17,idle_check_buy,23113.28,1.0,0.0,wait
2025-07-18,idle_check_buy,23383.13,1.0,0.0,wait
2025-07-21,idle_check_buy,23340.56,1.0,0.0,wait
2025-07-22,idle_check_buy,22987.92,1.0,0.0,wait
2025-07-23,idle_check_buy,23318.67,0.9997488856315613,0.0,wait
2025-07-24,idle_check_buy,23373.73,1.0,0.0,wait
2025-07-25,idle_check_buy,23364.38,1.0,0.0,wait
2025-07-28,idle_check_buy,23412.98,0.9999998807907104,0.0,wait
2025-07-29,idle_check_buy,23201.52,1.0,0.0,wait
2025-07-30,idle_check_buy,23461.72,1.0,0.0,wait
2025-07-31,idle_check_buy,23542.52,1.0,0.0,wait
2025-08-01,idle_check_buy,23434.38,1.0,0.0,wait
2025-08-04,idle_check_buy,23378.94,1.0,0.0,wait
2025-08-05,idle_check_buy,23660.59,1.0,0.0,wait
2025-08-06,idle_check_buy,23447.36,1.0,0.0,wait
2025-08-07,idle_check_buy,24003.77,1.0,0.0,wait
2025-08-08,idle_check_buy,24021.26,1.0,0.0,wait
2025-08-11,idle_check_buy,24135.5,1.0,0.0,wait
2025-08-12,idle_check_buy,24158.36,1.0,0.0,wait
2025-08-13,idle_check_buy,24370.02,1.0,0.0,wait
2025-08-14,idle_check_buy,24238.1,1.0,0.0,wait
2025-08-15,idle_check_buy,24334.48,1.0,0.0,wait
2025-08-18,idle_check_buy,24482.52,1.0,0.0,wait
2025-08-19,idle_check_buy,24353.5,1.0,0.0,wait
2025-08-20,idle_check_buy,23625.44,1.0,0.0,wait
2025-08-21,idle_check_buy,23962.13,1.0,0.0,wait
2025-08-22,idle_check_buy,23764.47,0.999974250793457,0.0,wait
2025-08-25,idle_check_buy,24277.38,1.0,0.0,wait
2025-08-26,idle_check_buy,24305.1,1.0,0.0,wait
2025-08-27,idle_check_buy,24519.9,1.0,0.0,wait
2025-08-28,idle_check_buy,24236.45,1.0,0.0,wait
2025-08-29,idle_check_buy,24233.1,1.0,0.0,wait
2025-09-01,idle_check_buy,24071.73,1.0,0.0,wait
2025-09-02,idle_check_buy,24016.78,1.0,0.0,wait
2025-09-03,idle_check_buy,24100.3,1.0,0.0,wait
2025-09-04,idle_check_buy,24179.85,1.0,0.0,wait
2025-09-05,idle_check_buy,24494.58,1.0,0.0,wait
2025-09-08,idle_check_buy,24547.38,1.0,0.0,wait
2025-09-09,idle_check_buy,24855.18,1.0,0.0,wait
2025-09-10,idle_check_buy,25192.59,1.0,0.0,wait
2025-09-11,idle_check_buy,25215.71,1.0,0.0,wait
2025-09-12,idle_check_buy,25474.64,1.0,0.0,wait
2025-09-15,idle_check_buy,25357.16,1.0,0.0,wait
2025-09-16,idle_check_buy,25629.64,1.0,0.0,wait
2025-09-17,idle_check_buy,25438.25,1.0,0.0,wait
2025-09-18,idle_check_buy,25769.36,1.0,0.0,wait
2025-09-19,idle_check_buy,25578.37,1.0,0.0,wait
2025-09-22,idle_check_buy,25880.6,1.0,0.0,wait
2025-09-23,idle_check_buy,26247.37,1.0,0.0,wait
2025-09-24,idle_check_buy,26196.73,1.0,0.0,wait
2025-09-25,idle_check_buy,26023.85,1.0,0.0,wait
2025-09-26,idle_check_buy,25580.32,1.0,0.0,wait
2025-09-30,idle_check_buy,25820.54,1.0,0.0,wait
2025-10-01,idle_check_buy,25982.91,1.0,0.0,wait
2025-10-02,idle_check_buy,26378.39,1.0,0.0,wait
2025-10-03,idle_check_buy,26761.06,1.0,0.0,wait
2025-10-07,idle_check_buy,27211.95,1.0,0.0,wait
2025-10-08,idle_check_buy,27063.68,1.0,0.0,wait
2025-10-09,idle_check_buy,27301.92,1.0,0.0,wait
2025-10-13,idle_check_buy,26923.42,0.9999959468841553,0.0,wait
2025-10-14,idle_check_buy,26793.15,1.0,0.0,wait
2025-10-15,idle_check_buy,27275.71,1.0,0.0,wait
2025-10-16,idle_check_buy,27647.87,1.0,0.0,wait
2025-10-17,idle_check_buy,27302.37,1.0,0.0,wait
2025-10-20,idle_check_buy,27688.63,1.0,0.0,wait
2025-10-21,idle_check_buy,27752.41,1.0,0.0,wait
2025-10-22,idle_check_buy,27648.91,1.0,0.0,wait
2025-10-23,idle_check_buy,27532.26,1.0,0.0,wait
2025-10-27,idle_check_buy,27993.63,1.0,0.0,wait
2025-10-28,idle_check_buy,27949.11,1.0,0.0,wait
2025-10-29,idle_check_buy,28294.74,1.0,0.0,wait
2025-10-30,idle_check_buy,28287.53,1.0,0.0,wait
2025-10-31,idle_check_buy,28233.35,1.0,0.0,wait
2025-11-03,idle_check_buy,28334.59,1.0,0.0,wait
2025-11-04,idle_check_buy,28116.56,1.0,0.0,wait
2025-11-05,idle_check_buy,27717.06,1.0,0.0,wait
2025-11-06,idle_check_buy,27899.45,1.0,0.0,wait
2025-11-07,idle_check_buy,27651.41,1.0,0.0,wait
2025-11-10,idle_check_buy,27869.51,1.0,0.0,wait
2025-11-11,idle_check_buy,27784.95,1.0,0.0,wait
2025-11-12,idle_check_buy,27947.09,1.0,0.0,wait
2025-11-13,idle_check_buy,27903.56,1.0,0.0,wait
2025-11-14,idle_check_buy,27397.5,1.0,0.0,wait
2025-11-17,idle_check_buy,27447.31,1.0,0.0,wait
2025-11-18,idle_check_buy,26756.12,1.0,0.0,wait
2025-11-19,idle_check_buy,26580.12,1.0,0.0,wait
2025-11-20,idle_check_buy,27426.36,1.0,0.0,wait
2025-11-21,idle_check_buy,26434.94,1.0,0.0,wait
2025-11-24,idle_check_buy,26504.24,1.0,0.0,wait
2025-11-25,idle_check_buy,26912.17,1.0,0.0,wait
2025-11-26,idle_check_buy,27409.54,1.0,0.0,wait
2025-11-27,idle_check_buy,27554.53,1.0,0.0,wait
2025-11-28,idle_check_buy,27626.48,1.0,0.0,wait
2025-12-01,idle_check_buy,27342.53,1.0,0.0,wait
2025-12-02,idle_check_buy,27564.27,1.0,0.0,wait
2025-12-03,idle_check_buy,27793.04,1.0,0.0,wait
2025-12-04,idle_check_buy,27795.71,1.0,0.0,wait
2025-12-05,idle_check_buy,27980.89,1.0,0.0,wait
2025-12-08,idle_check_buy,28303.78,1.0,0.0,wait
2025-12-09,idle_check_buy,28182.6,1.0,0.0,wait
2025-12-10,idle_check_buy,28400.73,1.0,0.0,wait
2025-12-11,idle_check_buy,28024.75,1.0,0.0,wait
2025-12-12,idle_check_buy,28198.02,1.0,0.0,wait
