date,status,price,buy_conf,sell_conf,buy_action,current_return,sell_action
2023-01-03,idle,14224.12,0.9771332740783691,,WAIT,,
2023-01-04,idle,14199.13,1.0,,WAIT,,
2023-01-05,idle,14301.05,1.0,,WAIT,,
2023-01-06,idle,14373.34,1.0,,WAIT,,
2023-01-09,idle,14752.21,0.9999524354934692,,WAIT,,
2023-01-10,idle,14802.96,1.0,,WAIT,,
2023-01-11,idle,14751.44,1.0,,WAIT,,
2023-01-12,idle,14731.64,1.0,,WAIT,,
2023-01-13,idle,14824.13,0.9737407565116882,,BUY,,
2023-01-16,holding,14927.01,,0.9999847412109375,,1.0069400362786889,HOLD
2023-01-17,holding,14932.93,,0.9999847412109375,,1.0073393851780847,HOLD
2023-01-30,holding,15493.82,,0.999984860420227,,1.0451756696683043,HOLD
2023-01-31,holding,15265.2,,0.999984860420227,,1.0297535167325167,HOLD
2023-02-01,holding,15420.13,,0.999984860420227,,1.0402047202770077,HOLD
2023-02-02,holding,15595.16,,0.999984860420227,,1.0520118212670828,HOLD
2023-02-03,holding,15602.66,,0.999984860420227,,1.0525177531497634,HOLD
2023-02-06,holding,15392.82,,0.999984860420227,,1.0383624536482075,HOLD
2023-02-07,holding,15400.91,,0.9999847412109375,,1.0389081855056588,HOLD
2023-02-08,holding,15618.17,,0.999984860420227,,1.0535640202831464,HOLD
2023-02-09,holding,15598.71,,0.999984860420227,,1.0522512956915515,HOLD
2023-02-10,holding,15586.65,,0.999984860420227,,1.0514377572242013,HOLD
2023-02-13,holding,15544.28,,0.9999847412109375,,1.0485795793749786,HOLD
2023-02-14,holding,15654.48,,0.9999847412109375,,1.0560134051711636,HOLD
2023-02-15,holding,15432.89,,0.999984860420227,,1.0410654790534082,HOLD
2023-02-16,holding,15550.5,,0.999984860420227,,1.0489991655496815,HOLD
2023-02-17,holding,15479.7,,0.9999847412109375,,1.044223168577178,HOLD
2023-02-20,holding,15551.23,,0.999984860420227,,1.0490484095862624,HOLD
2023-02-21,holding,15563.0,,0.999984860420227,,1.049842385354149,HOLD
2023-02-22,holding,15418.77,,0.999984860420227,,1.0401129779622817,HOLD
2023-02-23,holding,15615.41,,0.999984860420227,,1.0533778373503202,HOLD
2023-02-24,holding,15503.79,,0.999984860420227,,1.0458482217843477,HOLD
2023-03-01,holding,15598.49,,0.999984860420227,,1.052236455022993,HOLD
2023-03-02,holding,15598.72,,0.999984860420227,,1.0522519702673951,HOLD
2023-03-03,holding,15608.42,,0.999984860420227,,1.0529063088356618,HOLD
2023-03-06,holding,15763.51,,0.999984860420227,,1.0633683055936505,HOLD
2023-03-07,holding,15857.89,,0.999984860420227,,1.0697349524053015,HOLD
2023-03-08,holding,15818.2,,0.999984860420227,,1.0670575608821564,HOLD
2023-03-09,holding,15770.66,,0.999984860420227,,1.0638506273218058,HOLD
2023-03-10,holding,15526.2,,0.999984860420227,,1.047359946249797,HOLD
2023-03-13,holding,15560.49,,0.999984860420227,,1.049673066817412,HOLD
2023-03-14,holding,15360.42,,0.9999847412109375,,1.0361768279150279,HOLD
2023-03-15,holding,15387.59,,0.9999847412109375,,1.0380096504820182,HOLD
2023-03-16,holding,15221.12,,0.9999847412109375,,1.0267799864140426,HOLD
2023-03-17,holding,15452.96,,0.9999847412109375,,1.0424193527714611,HOLD
2023-03-20,holding,15419.97,,0.9999847412109375,,1.0401939270635105,HOLD
2023-03-21,holding,15513.45,,0.9999847412109375,,1.04649986204924,HOLD
2023-03-22,holding,15760.46,,0.999984860420227,,1.0631625599613603,HOLD
2023-03-23,holding,15863.95,,0.999984860420227,,1.0701437453665072,HOLD
2023-03-24,holding,15914.7,,0.999984860420227,,1.0735672177726452,HOLD
2023-03-27,holding,15830.31,,0.999984860420227,,1.0678744722287243,HOLD
2023-03-28,holding,15701.48,,0.9999847412109375,,1.0591839116359612,HOLD
2023-03-29,holding,15769.76,,0.9999847412109375,,1.063789915495884,HOLD
2023-03-30,holding,15849.43,,0.9999847412109375,,1.0691642612416379,HOLD
2023-03-31,holding,15868.06,,0.999984860420227,,1.070420996038216,HOLD
2023-04-06,holding,15810.77,,0.9999847412109375,,1.066556351030381,HOLD
2023-04-07,holding,15836.5,,0.9999847412109375,,1.0682920346758966,HOLD
2023-04-10,holding,15876.17,,0.9999847412109375,,1.0709680770473546,HOLD
2023-04-11,holding,15913.88,,0.999984860420227,,1.0735119025534718,HOLD
2023-04-12,holding,15932.97,,0.999984860420227,,1.0747996678388547,HOLD
2023-04-13,holding,15804.76,,0.999984860420227,,1.066150930948393,HOLD
2023-04-14,holding,15929.43,,0.999984860420227,,1.0745608679902294,HOLD
2023-04-17,holding,15963.55,,0.999984860420227,,1.0768625207685039,HOLD
2023-04-18,holding,15869.44,,0.999984860420227,,1.0705140875046293,HOLD
2023-04-19,holding,15770.47,,0.999984860420227,,1.0638378103807777,HOLD
2023-04-20,holding,15707.52,,0.9999847412109375,,1.0595913554454799,HOLD
2023-04-21,holding,15602.99,,0.999984860420227,,1.0525400141526013,HOLD
2023-04-24,holding,15626.87,,0.9999847412109375,,1.054150901267056,HOLD
2023-04-25,holding,15370.73,,0.9999847412109375,,1.0368723156097526,HOLD
2023-04-26,holding,15374.63,,0.9999847412109375,,1.0371354001887463,HOLD
2023-04-27,holding,15411.49,,0.9999847412109375,,1.03962188674816,HOLD
2023-04-28,holding,15579.18,,0.9999847412109375,,1.0509338490690516,HOLD
2023-05-02,holding,15636.48,,0.9999847412109375,,1.0547991686527305,HOLD
2023-05-03,holding,15553.41,,0.9999847412109375,,1.0491954671201615,HOLD
2023-05-04,holding,15609.03,,0.9999847412109375,,1.0529474579621199,HOLD
2023-05-05,holding,15626.07,,0.9999847412109375,,1.05409693519957,HOLD
2023-05-08,holding,15699.57,,0.9999847412109375,,1.0590550676498385,HOLD
2023-05-09,holding,15727.7,,0.9999847412109375,,1.060952649497812,HOLD
2023-05-10,holding,15641.76,,0.9999847412109375,,1.0551553446981374,HOLD
2023-05-11,holding,15514.64,,0.9999847412109375,,1.0465801365746252,HOLD
2023-05-12,holding,15502.36,,0.9999847412109375,,1.0457517574387165,HOLD
2023-05-15,holding,15475.05,,0.9999847412109375,,1.043909490809916,HOLD
2023-05-16,holding,15673.9,,0.9999847412109375,,1.0573234314593842,HOLD
2023-05-17,holding,15925.29,,0.999984860420227,,1.07428159359099,HOLD
2023-05-18,holding,16101.88,,0.999984860420227,,1.0861939284126623,HOLD
2023-05-19,holding,16174.92,,0.999984860420227,,1.0911210303741266,HOLD
2023-05-22,holding,16180.89,,0.999984860420227,,1.0915237521527401,HOLD
2023-05-23,holding,16188.03,,0.999984860420227,,1.092005399305052,HOLD
2023-05-24,holding,16159.32,,0.999984860420227,,1.0900686920581513,HOLD
2023-05-25,holding,16292.0,,0.999984860420227,,1.0990189643506905,HOLD
2023-05-26,holding,16505.05,,0.999984860420227,,1.1133908026980335,HOLD
2023-05-29,holding,16636.3,,0.999984860420227,,1.1222446106449417,HOLD
2023-05-30,holding,16622.74,,0.999984860420227,,1.1213298858010556,HOLD
2023-05-31,holding,16578.96,,0.999984860420227,,1.1183765927578886,HOLD
2023-06-01,holding,16512.65,,0.999984860420227,,1.1139034803391499,HOLD
2023-06-02,holding,16706.91,,0.999984860420227,,1.1270077906764175,HOLD
2023-06-05,holding,16714.43,,0.999984860420227,,1.1275150717107851,HOLD
2023-06-06,holding,16761.66,,0.999984860420227,,1.1307010934199848,HOLD
2023-06-07,holding,16922.48,,0.999984860420227,,1.1415496221363413,HOLD
2023-06-08,holding,16733.69,,0.999984860420227,,1.1288143047855084,HOLD
2023-06-09,holding,16886.4,,0.999984860420227,,1.1391157524927265,HOLD
2023-06-12,holding,16955.37,,0.999984860420227,,1.143768302085856,HOLD
2023-06-13,holding,17216.6,,0.999984860420227,,1.1613902468475383,HOLD
2023-06-14,holding,17238.14,,0.999984860420227,,1.1628432832145967,HOLD
2023-06-15,holding,17334.98,,0.999984860420227,,1.1693758756837669,HOLD
2023-06-16,holding,17288.91,,0.999984860420227,,1.1662681047724217,HOLD
2023-06-19,holding,17274.56,,0.999984860420227,,1.1653000884368931,HOLD
2023-06-20,holding,17184.91,,0.999984860420227,,1.1592525159992526,HOLD
2023-06-21,holding,17202.4,,0.999984860420227,,1.1604323491496635,HOLD
2023-06-26,holding,17059.24,,0.999984860420227,,1.1507751213730588,HOLD
2023-06-27,holding,16887.9,,0.9999847412109375,,1.1392169388692626,HOLD
2023-06-28,holding,16935.63,,0.9999847412109375,,1.142436689370641,HOLD
2023-06-29,holding,16942.3,,0.9999847412109375,,1.1428866314583048,HOLD
2023-06-30,holding,16915.54,,0.999984860420227,,1.141081466500901,HOLD
2023-07-03,holding,17084.2,,0.999984860420227,,1.1524588626786194,HOLD
2023-07-04,holding,17140.77,,0.999984860420227,,1.1562749382257171,HOLD
2023-07-05,holding,17056.43,,0.999984860420227,,1.1505855655610144,HOLD
2023-07-06,holding,16762.17,,0.999984860420227,,1.130735496788007,HOLD
2023-07-07,holding,16664.21,,0.9999847412109375,,1.1241273518243566,HOLD
2023-07-10,holding,16652.8,,0.9999847412109375,,1.1233576607868387,HOLD
2023-07-11,holding,16898.91,,0.9999847412109375,,1.1399596468730375,HOLD
2023-07-12,holding,16962.03,,0.999984860420227,,1.1442175695976762,HOLD
2023-07-13,holding,17061.4,,0.999984860420227,,1.1509208297552709,HOLD
2023-07-14,holding,17283.71,,0.999984860420227,,1.1659173253337634,HOLD
2023-07-17,holding,17334.29,,0.999984860420227,,1.1693293299505605,HOLD
2023-07-18,holding,17227.91,,0.999984860420227,,1.1621531921266206,HOLD
2023-07-19,holding,17116.44,,0.999984860420227,,1.1546336951983016,HOLD
2023-07-20,holding,17164.89,,0.999984860420227,,1.1579020151604176,HOLD
2023-07-21,holding,17030.7,,0.999984860420227,,1.1488498819154986,HOLD
2023-07-24,holding,17033.61,,0.999984860420227,,1.1490461834859786,HOLD
2023-07-25,idle,17198.89,1.0,,WAIT,,
2023-07-26,idle,17162.55,1.0,,WAIT,,
2023-07-27,idle,17241.82,1.0,,WAIT,,
2023-07-28,idle,17292.93,1.0,,WAIT,,
2023-07-31,idle,17145.43,0.9999901056289673,,BUY,,
2023-08-01,holding,17212.87,,0.9999847412109375,,1.0039334096607666,HOLD
2023-08-02,holding,16893.73,,0.9999847412109375,,0.9853197032678679,HOLD
2023-08-04,holding,16843.68,,0.9999847412109375,,0.9824005580495794,HOLD
2023-08-07,holding,16996.0,,0.9999847412109375,,0.9912845580425804,HOLD
2023-08-08,holding,16877.07,,0.9999847412109375,,0.9843480157686334,HOLD
2023-08-09,holding,16870.94,,0.9999847412109375,,0.9839904860945452,HOLD
2023-08-10,holding,16634.7,,0.9999847412109375,,0.9702118873659046,HOLD
2023-08-11,holding,16601.25,,0.9999847412109375,,0.9682609301720633,HOLD
2023-08-14,holding,16393.66,,0.9999847412109375,,0.956153330654291,HOLD
2023-08-15,holding,16454.8,,0.9999847412109375,,0.959719295462406,HOLD
2023-08-16,holding,16446.78,,0.9999847412109375,,0.9592515323325224,HOLD
2023-08-17,holding,16516.66,,0.9999847412109375,,0.9633272539679669,HOLD
2023-08-18,holding,16381.31,,0.9999847412109375,,0.955433022093934,HOLD
2023-08-21,holding,16381.49,,0.9999847412109375,,0.9554435205182955,HOLD
2023-08-22,holding,16437.61,,0.9999847412109375,,0.9587166959358849,HOLD
2023-08-23,holding,16576.9,,0.9999847412109375,,0.9668407266542747,HOLD
2023-08-24,holding,16770.87,,0.9999847412109375,,0.9781539453953618,HOLD
2023-08-25,holding,16481.58,,0.9999847412109375,,0.9612812277090748,HOLD
2023-08-28,holding,16509.26,,0.9999847412109375,,0.9628956520775506,HOLD
2023-08-29,holding,16623.65,,0.9999847412109375,,0.9695674007592694,HOLD
2023-08-30,holding,16719.82,,0.9999847412109375,,0.9751764755972874,HOLD
2023-08-31,holding,16634.51,,0.9999847412109375,,0.9702008056957451,HOLD
2023-09-01,holding,16644.94,,0.9999847412109375,,0.9708091310629129,HOLD
2023-09-04,holding,16789.69,,0.9999847412109375,,0.979251613986934,HOLD
2023-09-05,holding,16791.61,,0.9999847412109375,,0.9793635971801232,HOLD
2023-09-06,holding,16738.16,,0.9999847412109375,,0.9762461483905623,HOLD
2023-09-07,holding,16619.14,,0.9999847412109375,,0.9693043569044345,HOLD
2023-09-08,holding,16576.02,,0.9999847412109375,,0.966789401024063,HOLD
2023-09-11,holding,16432.95,,0.9999847412109375,,0.9584449033940823,HOLD
2023-09-12,holding,16572.71,,0.9999847412109375,,0.9665963466649713,HOLD
2023-09-13,holding,16581.51,,0.9999847412109375,,0.9671096029670879,HOLD
2023-09-14,holding,16807.56,,0.9999847412109375,,0.9802938742277097,HOLD
2023-09-15,holding,16920.92,,0.999984860420227,,0.9869055485922487,HOLD
2023-09-18,holding,16698.24,,0.9999847412109375,,0.973917831165506,HOLD
2023-09-19,holding,16636.32,,0.9999847412109375,,0.9703063731851578,HOLD
2023-09-20,holding,16534.75,,0.9999847412109375,,0.9643823456162954,HOLD
2023-09-21,holding,16316.67,,0.9999847412109375,,0.951662921256568,HOLD
2023-09-22,holding,16344.48,,0.9999847412109375,,0.9532849278204163,HOLD
2023-09-25,holding,16452.23,,0.9999847412109375,,0.959569401292356,HOLD
2023-09-26,holding,16276.07,,0.9999847412109375,,0.9492949433172571,HOLD
2023-09-27,holding,16310.36,,0.9999847412109375,,0.9512948931581185,HOLD
2023-09-28,holding,16353.74,,0.9999847412109375,,0.9538250134292344,HOLD
2023-10-02,holding,16557.31,,0.9999847412109375,,0.9656981481362673,HOLD
2023-10-03,holding,16454.34,,0.9999847412109375,,0.9596924661557045,HOLD
2023-10-04,holding,16273.38,,0.9999847412109375,,0.9491380501976328,HOLD
2023-10-05,holding,16453.52,,0.9999847412109375,,0.9596446400002799,HOLD
2023-10-06,holding,16520.57,,0.9999847412109375,,0.9635553030749301,HOLD
2023-10-11,holding,16672.03,,0.999984860420227,,0.9723891439293152,HOLD
2023-10-12,holding,16825.91,,0.999984860420227,,0.9813641302667825,HOLD
2023-10-13,holding,16782.57,,0.999984860420227,,0.9788363429788579,HOLD
2023-10-16,holding,16652.24,,0.9999847412109375,,0.9712349004953508,HOLD
2023-10-17,holding,16642.55,,0.9999847412109375,,0.9706697353172244,HOLD
2023-10-18,holding,16440.91,,0.999984860420227,,0.9589091670491787,HOLD
2023-10-19,holding,16452.73,,0.9999847412109375,,0.959598563582249,HOLD
2023-10-20,holding,16440.72,,0.9999847412109375,,0.9588980853790194,HOLD
2023-10-23,holding,16251.36,,0.9999847412109375,,0.9478537429507455,HOLD
2023-10-24,holding,16309.76,,0.9999847412109375,,0.9512598984102469,HOLD
2023-10-25,holding,16358.89,,0.9999847412109375,,0.9541253850151322,HOLD
2023-10-26,holding,16073.74,,0.9999847412109375,,0.937494131089159,HOLD
2023-10-27,holding,16134.61,,0.9999847412109375,,0.9410443482607319,HOLD
2023-10-30,holding,16149.68,,0.9999847412109375,,0.9419232996781066,HOLD
2023-10-31,holding,16001.27,,0.9999847412109375,,0.9332673487920689,HOLD
2023-11-01,holding,16038.56,,0.9999847412109375,,0.935442272372288,HOLD
2023-11-02,holding,16396.95,,0.9999847412109375,,0.9563452185217869,HOLD
2023-11-03,holding,16507.65,,0.9999847412109375,,0.9628017495040954,HOLD
2023-11-06,holding,16649.36,,0.9999847412109375,,0.9710669257055671,HOLD
2023-11-07,holding,16684.95,,0.9999847412109375,,0.9731426975001503,HOLD
2023-11-08,holding,16740.83,,0.999984860420227,,0.976401875018591,HOLD
2023-11-09,holding,16745.65,,0.999984860420227,,0.9766829994931595,HOLD
2023-11-10,holding,16682.67,,0.9999847412109375,,0.973009717458238,HOLD
2023-11-13,holding,16839.29,,0.999984860420227,,0.9821445131443189,HOLD
2023-11-14,holding,16915.71,,0.999984860420227,,0.9866016775315637,HOLD
2023-11-15,holding,17128.78,,0.999984860420227,,0.9990288957465633,HOLD
2023-11-16,holding,17171.18,,0.999984860420227,,1.001501857929489,HOLD
2023-11-17,holding,17208.95,,0.999984860420227,,1.0037047773080057,HOLD
2023-11-20,holding,17210.47,,0.999984860420227,,1.0037934306692804,HOLD
2023-11-21,holding,17416.7,,0.999984860420227,,1.015821708758544,HOLD
2023-11-22,holding,17310.26,,0.999984860420227,,1.0096136404861236,HOLD
2023-11-23,holding,17294.55,,0.999984860420227,,1.008697361337686,HOLD
2023-11-24,holding,17287.42,,0.9999847412109375,,1.0082815070838118,HOLD
2023-11-27,holding,17137.42,,0.999984860420227,,0.9995328201159142,HOLD
2023-11-28,holding,17341.25,,0.999984860420227,,1.0114211192136913,HOLD
2023-11-29,holding,17370.56,,0.999984860420227,,1.0131306126472186,HOLD
2023-11-30,holding,17433.85,,0.999984860420227,,1.0168219753018732,HOLD
2023-12-01,holding,17438.35,,0.999984860420227,,1.0170844359109104,HOLD
2023-12-04,holding,17421.48,,0.999984860420227,,1.0161005002499208,HOLD
2023-12-05,holding,17328.01,,0.999984860420227,,1.0106489017773248,HOLD
2023-12-06,holding,17360.72,,0.999984860420227,,1.0125566987821244,HOLD
2023-12-07,holding,17278.74,,0.999984860420227,,1.0077752497312695,HOLD
2023-12-08,holding,17383.99,,0.999984860420227,,1.0139139117537443,HOLD
2023-12-11,holding,17418.34,,0.999984860420227,,1.0159173610693928,HOLD
2023-12-12,holding,17450.63,,0.999984860420227,,1.0178006617506823,HOLD
2023-12-13,holding,17468.93,,0.999984860420227,,1.0188680015607658,HOLD
2023-12-14,holding,17653.11,,0.999984860420227,,1.0296102226657482,HOLD
2023-12-15,holding,17673.87,,0.999984860420227,,1.0308210409421052,HOLD
2023-12-18,holding,17652.03,,0.999984860420227,,1.0295472321195793,HOLD
2023-12-19,holding,17576.55,,0.999984860420227,,1.0251448928373332,HOLD
2023-12-20,holding,17635.2,,0.999984860420227,,1.0285656294417813,HOLD
2023-12-21,holding,17543.74,,0.999984860420227,,1.0232312633745553,HOLD
2023-12-22,holding,17596.63,,0.9999847412109375,,1.026316050399436,HOLD
2023-12-25,holding,17604.84,,0.9999847412109375,,1.0267948951994788,HOLD
2023-12-26,holding,17751.73,,0.9999847412109375,,1.035362192724242,HOLD
2023-12-27,holding,17891.5,,0.999984860420227,,1.0435142192409288,HOLD
2023-12-28,holding,17910.37,,0.999984860420227,,1.0446148040614904,HOLD
2023-12-29,holding,17930.81,,0.999984860420227,,1.045806958472316,HOLD
2024-01-02,holding,17853.76,,0.999984860420227,,1.0413130495998058,HOLD
2024-01-03,holding,17559.31,,0.9999847412109375,,1.024139377081823,HOLD
2024-01-04,holding,17549.65,,0.9999847412109375,,1.0235759616410904,HOLD
2024-01-05,holding,17519.14,,0.9999847412109375,,1.0217964787118199,HOLD
2024-01-08,holding,17572.66,,0.9999847412109375,,1.024918010221966,HOLD
2024-01-09,holding,17535.49,,0.9999847412109375,,1.022750085591321,HOLD
2024-01-10,holding,17465.63,,0.9999847412109375,,1.018675530447472,HOLD
2024-01-11,holding,17545.32,,0.9999847412109375,,1.023323416210617,HOLD
2024-01-12,holding,17512.83,,0.9999847412109375,,1.0214284506133706,HOLD
2024-01-15,holding,17546.82,,0.9999847412109375,,1.023410903080296,HOLD
2024-01-16,holding,17346.87,,0.9999847412109375,,1.0117489033520886,HOLD
2024-01-17,holding,17161.79,,0.9999847412109375,,1.0009541901252987,HOLD
2024-01-18,holding,17227.79,,0.9999847412109375,,1.0048036123911737,HOLD
2024-01-19,holding,17681.52,,0.999984860420227,,1.031267223977468,HOLD
2024-01-22,holding,17815.1,,0.999984860420227,,1.0390582213452797,HOLD
2024-01-23,idle,17874.59,1.0,,WAIT,,
2024-01-24,idle,17875.83,1.0,,WAIT,,
2024-01-25,idle,18002.62,1.0,,WAIT,,
2024-01-26,idle,17995.03,1.0,,WAIT,,
2024-01-29,idle,18119.63,1.0,,WAIT,,
2024-01-30,idle,18034.63,1.0,,WAIT,,
2024-01-31,idle,17889.56,1.0,,WAIT,,
2024-02-01,idle,17968.11,1.0,,WAIT,,
2024-02-02,idle,18059.93,1.0,,WAIT,,
2024-02-05,idle,18096.07,1.0,,WAIT,,
2024-02-15,idle,18644.57,0.9999997615814209,,BUY,,
2024-02-16,holding,18607.25,,0.999984860420227,,0.9979983448264026,HOLD
2024-02-19,holding,18635.8,,0.999984860420227,,0.9995296217611883,HOLD
2024-02-20,holding,18753.16,,0.999984860420227,,1.0058242158440769,HOLD
2024-02-21,holding,18676.31,,0.999984860420227,,1.0017023723260983,HOLD
2024-02-22,holding,18852.78,,0.999984860420227,,1.0111673264655607,HOLD
2024-02-23,holding,18889.19,,0.999984860420227,,1.0131201738629532,HOLD
2024-02-26,holding,18948.05,,0.999984860420227,,1.0162771251898006,HOLD
2024-02-27,holding,18854.41,,0.999984860420227,,1.0112547513833787,HOLD
2024-02-29,holding,18966.77,,0.999984860420227,,1.0172811708717338,HOLD
2024-03-01,holding,18935.93,,0.999984860420227,,1.0156270699726515,HOLD
2024-03-04,holding,19305.31,,0.999984860420227,,1.0354387363184028,HOLD
2024-03-05,holding,19386.92,,0.999984860420227,,1.0398158820503771,HOLD
2024-03-06,holding,19499.45,,0.999984860420227,,1.0458514194749464,HOLD
2024-03-07,holding,19693.52,,0.999984860420227,,1.0562603481871666,HOLD
2024-03-08,holding,19785.32,,0.999984860420227,,1.0611840337428002,HOLD
2024-03-11,holding,19726.08,,0.999984860420227,,1.0580067011467682,HOLD
2024-03-12,holding,19914.55,,0.999984860420227,,1.068115274313111,HOLD
2024-03-13,holding,19928.51,,0.999984860420227,,1.0688640177810482,HOLD
2024-03-14,holding,19937.92,,0.999984860420227,,1.0693687223679602,HOLD
2024-03-15,holding,19682.5,,0.999984860420227,,1.055669291380815,HOLD
2024-03-18,holding,19879.85,,0.999984860420227,,1.066254142627049,HOLD
2024-03-19,holding,19857.2,,0.999984860420227,,1.0650393117138126,HOLD
2024-03-20,holding,19784.45,,0.999984860420227,,1.0611373713633514,HOLD
2024-03-21,holding,20199.09,,0.999984860420227,,1.083376554138819,HOLD
2024-03-22,holding,20228.43,,0.999984860420227,,1.0849502026595412,HOLD
2024-03-25,holding,20192.25,,0.999984860420227,,1.0830096912934972,HOLD
2024-03-26,holding,20126.49,,0.999984860420227,,1.079482659026194,HOLD
2024-03-27,holding,20200.12,,0.999984860420227,,1.0834317981052928,HOLD
2024-03-28,holding,20146.55,,0.999984860420227,,1.0805585754994618,HOLD
2024-03-29,holding,20294.45,,0.999984860420227,,1.0884911800057604,HOLD
2024-04-01,holding,20222.33,,0.9999847412109375,,1.0846230296542105,HOLD
2024-04-02,holding,20466.57,,0.999984860420227,,1.097722822247979,HOLD
2024-04-03,holding,20337.6,,0.999984860420227,,1.0908055267565837,HOLD
2024-04-08,holding,20417.7,,0.999984860420227,,1.0951016837610092,HOLD
2024-04-09,holding,20796.2,,0.999984860420227,,1.1154025005671893,HOLD
2024-04-10,holding,20763.53,,0.999984860420227,,1.1136502477665078,HOLD
2024-04-11,holding,20753.22,,0.999984860420227,,1.11309727175258,HOLD
2024-04-12,holding,20736.57,,0.999984860420227,,1.1122042503527836,HOLD
2024-04-15,holding,20449.77,,0.999984860420227,,1.0968217556103466,HOLD
2024-04-16,holding,19901.96,,0.999984860420227,,1.0674400106840758,HOLD
2024-04-17,holding,20213.33,,0.9999847412109375,,1.0841403153840503,HOLD
2024-04-18,holding,20301.2,,0.999984860420227,,1.0888532157083806,HOLD
2024-04-19,holding,19527.12,,0.999984860420227,,1.0473354976810942,HOLD
2024-04-22,holding,19411.22,,0.9999847412109375,,1.0411192105798097,HOLD
2024-04-23,holding,19599.28,,0.9999847412109375,,1.0512057934294006,HOLD
2024-04-24,holding,20131.74,,0.9999847412109375,,1.0797642423504539,HOLD
2024-04-25,holding,19857.42,,0.9999847412109375,,1.065051111395972,HOLD
2024-04-26,holding,20120.51,,0.9999847412109375,,1.0791619222111317,HOLD
2024-04-29,holding,20495.52,,0.9999847412109375,,1.0992755531503275,HOLD
2024-04-30,holding,20396.6,,0.9999847412109375,,1.093969986972078,HOLD
2024-05-02,holding,20222.44,,0.9999847412109375,,1.08462892949529,HOLD
2024-05-03,holding,20330.32,,0.9999847412109375,,1.0904150645469433,HOLD
2024-05-06,holding,20523.31,,0.999984860420227,,1.1007660675467443,HOLD
2024-05-07,holding,20653.53,,0.999984860420227,,1.1077504066867725,HOLD
2024-05-08,holding,20700.51,,0.999984860420227,,1.1102701751770085,HOLD
2024-05-09,holding,20560.77,,0.999984860420227,,1.1027752316089887,HOLD
2024-05-10,holding,20708.84,,0.999984860420227,,1.1107169540515014,HOLD
2024-05-13,holding,20857.71,,0.999984860420227,,1.1187015844291395,HOLD
2024-05-14,holding,20985.85,,0.999984860420227,,1.1255743629378419,HOLD
2024-05-15,holding,21147.21,,0.999984860420227,,1.1342288934526246,HOLD
2024-05-16,holding,21304.26,,0.999984860420227,,1.1426522574669193,HOLD
2024-05-17,holding,21258.47,,0.999984860420227,,1.1401963145301823,HOLD
2024-05-20,holding,21271.63,,0.999984860420227,,1.1409021500629943,HOLD
2024-05-21,holding,21236.75,,0.999984860420227,,1.139031364091529,HOLD
2024-05-22,holding,21551.83,,0.999984860420227,,1.1559306543406473,HOLD
2024-05-23,holding,21607.43,,0.999984860420227,,1.1589127558318588,HOLD
2024-05-24,holding,21565.34,,0.999984860420227,,1.1566552620950765,HOLD
2024-05-27,holding,21803.77,,0.999984860420227,,1.1694434358099972,HOLD
2024-05-28,holding,21858.41,,0.999984860420227,,1.1723740477790585,HOLD
2024-05-29,holding,21662.5,,0.999984860420227,,1.16186643081605,HOLD
2024-05-30,holding,21364.48,,0.999984860420227,,1.14588215228348,HOLD
2024-05-31,holding,21174.22,,0.999984860420227,,1.135677572612294,HOLD
2024-06-03,holding,21536.76,,0.999984860420227,,1.1551223761127234,HOLD
2024-06-04,holding,21356.62,,0.999984860420227,,1.1454605818208732,HOLD
2024-06-05,holding,21484.88,,0.9999847412109375,,1.1523397965198448,HOLD
2024-06-06,holding,21902.7,,0.999984860420227,,1.1747495383374356,HOLD
2024-06-07,holding,21858.38,,0.999984860420227,,1.1723724387314913,HOLD
2024-06-11,holding,21792.12,,0.999984860420227,,1.1688185890047342,HOLD
2024-06-12,holding,22048.96,,0.999984860420227,,1.1825941815767271,HOLD
2024-06-13,holding,22312.04,,0.999984860420227,,1.1967044560426978,HOLD
2024-06-14,holding,22504.72,,0.999984860420227,,1.2070388322176377,HOLD
2024-06-17,holding,22496.53,,0.999984860420227,,1.2065995622317918,HOLD
2024-06-18,holding,22757.43,,0.999984860420227,,1.2205929125745458,HOLD
2024-06-19,holding,23209.54,,0.999984860420227,,1.244841795761447,HOLD
2024-06-20,holding,23406.1,,0.999984860420227,,1.2553842754217448,HOLD
2024-06-21,holding,23253.39,,0.999984860420227,,1.247193686955505,HOLD
2024-06-24,holding,22813.7,,0.999984860420227,,1.2236109494614251,HOLD
2024-06-25,holding,22875.97,,0.999984860420227,,1.2269507958617443,HOLD
2024-06-26,holding,22986.69,,0.999984860420227,,1.2328892540830922,HOLD
2024-06-27,holding,22905.98,,0.999984860420227,,1.2285603797781337,HOLD
2024-06-28,holding,23032.25,,0.999984860420227,,1.2353328609884808,HOLD
2024-07-01,holding,23058.57,,0.999984860420227,,1.2367445320541048,HOLD
2024-07-02,holding,22879.37,,0.999984860420227,,1.227133154586027,HOLD
2024-07-03,holding,23172.43,,0.999984860420227,,1.2428514039208198,HOLD
2024-07-04,holding,23522.53,,0.999984860420227,,1.26162898903005,HOLD
2024-07-05,holding,23556.59,,0.999984860420227,,1.2634557943680118,HOLD
2024-07-08,holding,23878.15,,0.999984860420227,,1.2807026388916452,HOLD
2024-07-09,holding,23900.08,,0.999984860420227,,1.2818788526632687,HOLD
2024-07-10,holding,24007.08,,0.999984860420227,,1.287617788986284,HOLD
2024-07-11,holding,24390.03,,0.999984860420227,,1.3081572811815987,HOLD
2024-07-12,holding,23916.93,,0.999984860420227,,1.2827826010468464,HOLD
2024-07-15,holding,23879.36,,0.999984860420227,,1.2807675371435223,HOLD
2024-07-16,holding,23997.25,,0.999984860420227,,1.2870905577334313,HOLD
2024-07-17,holding,23769.82,,0.999984860420227,,1.274892368126484,HOLD
2024-07-18,holding,23398.47,,0.999984860420227,,1.254975040990487,HOLD
2024-07-19,holding,22869.26,,0.9999847412109375,,1.2265909055558804,HOLD
2024-07-22,holding,22256.99,,0.9999847412109375,,1.1937518537568848,HOLD
2024-07-23,holding,22871.84,,0.9999847412109375,,1.2267292836466597,HOLD
2024-07-26,holding,22119.21,,0.9999847412109375,,1.1863620346299217,HOLD
2024-07-29,holding,22164.49,,0.9999847412109375,,1.1887906237580166,HOLD
2024-07-30,holding,22223.57,,0.9999847412109375,,1.1919593747670234,HOLD
2024-07-31,holding,22199.35,,0.9999847412109375,,1.1906603370311033,HOLD
2024-08-01,holding,22642.1,,0.9999847412109375,,1.2144071973770378,HOLD
2024-08-02,holding,21638.09,,0.9999847412109375,,1.1605572024455377,HOLD
2024-08-05,holding,19830.88,,0.999984622001648,,1.0636276406481888,HOLD
2024-08-06,holding,20501.02,,0.999984622001648,,1.0995705452043143,HOLD
2024-08-07,holding,21295.28,,0.999984622001648,,1.1421706158951372,HOLD
2024-08-08,holding,20870.1,,0.999984622001648,,1.1193661210743933,HOLD
2024-08-09,holding,21469.0,,0.9999847412109375,,1.1514880740076066,HOLD
2024-08-12,holding,21773.26,,0.9999847412109375,,1.1678070344341542,HOLD
2024-08-13,idle,21796.57,1.0,,WAIT,,
2024-08-14,idle,22027.25,1.0,,WAIT,,
2024-08-15,idle,21895.17,1.0,,WAIT,,
2024-08-16,idle,22349.33,1.0,,WAIT,,
2024-08-19,idle,22409.63,1.0,,WAIT,,
2024-08-20,idle,22429.1,1.0,,WAIT,,
2024-08-21,idle,22237.89,1.0,,WAIT,,
2024-08-22,idle,22148.83,1.0,,WAIT,,
2024-08-23,idle,22158.05,1.0,,WAIT,,
2024-08-26,idle,22240.12,1.0,,WAIT,,
2024-08-27,idle,22185.0,1.0,,WAIT,,
2024-08-28,idle,22370.66,1.0,,WAIT,,
2024-08-29,idle,22201.85,1.0,,WAIT,,
2024-08-30,idle,22268.09,1.0,,WAIT,,
2024-09-02,idle,22235.1,1.0,,WAIT,,
2024-09-03,idle,22092.21,1.0,,WAIT,,
2024-09-04,idle,21092.75,1.0,,WAIT,,
2024-09-05,idle,21187.71,1.0,,WAIT,,
2024-09-06,idle,21435.19,1.0,,WAIT,,
2024-09-09,idle,21144.44,1.0,,WAIT,,
2024-09-10,idle,21064.08,1.0,,WAIT,,
2024-09-11,idle,21031.0,1.0,,WAIT,,
2024-09-12,idle,21653.25,1.0,,WAIT,,
2024-09-13,idle,21759.65,1.0,,WAIT,,
2024-09-16,idle,21850.08,1.0,,WAIT,,
2024-09-18,idle,21678.84,1.0,,WAIT,,
2024-09-19,idle,22042.69,1.0,,WAIT,,
2024-09-20,idle,22159.42,1.0,,WAIT,,
2024-09-23,idle,22285.53,1.0,,WAIT,,
2024-09-24,idle,22431.78,1.0,,WAIT,,
2024-09-25,idle,22761.6,1.0,,WAIT,,
2024-09-26,idle,22858.81,1.0,,WAIT,,
2024-09-27,idle,22822.79,1.0,,WAIT,,
2024-09-30,idle,22224.54,1.0,,WAIT,,
2024-10-01,idle,22390.39,1.0,,WAIT,,
2024-10-04,idle,22302.71,1.0,,WAIT,,
2024-10-07,idle,22702.56,1.0,,WAIT,,
2024-10-08,idle,22611.39,1.0,,WAIT,,
2024-10-09,idle,22659.08,1.0,,WAIT,,
2024-10-11,idle,22901.64,1.0,,WAIT,,
2024-10-14,idle,22975.29,1.0,,WAIT,,
2024-10-15,idle,23292.04,1.0,,WAIT,,
2024-10-16,idle,23010.98,1.0,,WAIT,,
2024-10-17,idle,23053.84,1.0,,WAIT,,
2024-10-18,idle,23487.27,1.0,,WAIT,,
2024-10-21,idle,23542.53,1.0,,WAIT,,
2024-10-22,idle,23535.43,1.0,,BUY,,
2024-10-23,holding,23334.76,,0.9999847412109375,,0.9914737058128956,HOLD
2024-10-24,holding,23192.52,,0.9999847412109375,,0.9854300516285447,HOLD
2024-10-25,holding,23348.45,,0.9999847412109375,,0.9920553820346601,HOLD
2024-10-28,holding,23198.07,,0.9999847412109375,,0.9856658663130438,HOLD
2024-10-29,holding,22926.59,,0.9999847412109375,,0.97413091666479,HOLD
2024-10-30,holding,22820.43,,0.9999847412109375,,0.9696202703753447,HOLD
2024-11-01,holding,22780.08,,0.9999847412109375,,0.967905833885338,HOLD
2024-11-04,holding,22965.39,,0.9999847412109375,,0.9757794949996664,HOLD
2024-11-05,holding,23106.79,,0.9999847412109375,,0.9817874583128501,HOLD
2024-11-06,holding,23217.38,,0.9999847412109375,,0.9864863314585712,HOLD
2024-11-07,holding,23408.82,,0.999984860420227,,0.9946204509541572,HOLD
2024-11-08,holding,23553.89,,0.999984860420227,,1.0007843493830366,HOLD
2024-11-11,holding,23529.64,,0.9999847412109375,,0.9997539879237388,HOLD
2024-11-12,holding,22981.77,,0.9999847412109375,,0.9764754669874313,HOLD
2024-11-13,holding,22860.23,,0.9999847412109375,,0.9713113378425633,HOLD
2024-11-14,holding,22715.38,,0.9999847412109375,,0.9651567870227993,HOLD
2024-11-15,holding,22742.77,,0.9999847412109375,,0.9663205643576515,HOLD
2024-11-18,holding,22546.54,,0.9999847412109375,,0.9579829219181464,HOLD
2024-11-19,holding,22848.8,,0.9999847412109375,,0.9708256870598923,HOLD
2024-11-20,holding,22688.36,,0.9999847412109375,,0.9640087306669137,HOLD
2024-11-21,holding,22555.66,,0.9999847412109375,,0.958370422805107,HOLD
2024-11-22,holding,22904.32,,0.9999847412109375,,0.9731846836875298,HOLD
2024-11-25,holding,22948.37,,0.999984860420227,,0.9750563299672026,HOLD
2024-11-26,holding,22678.76,,0.9999847412109375,,0.9636008349964287,HOLD
2024-11-27,holding,22334.78,,0.9999847412109375,,0.9489854232533673,HOLD
2024-11-28,holding,22298.9,,0.9999847412109375,,0.9474609131849302,HOLD
2024-11-29,holding,22262.5,,0.9999847412109375,,0.9459143087676749,HOLD
2024-12-02,holding,22736.93,,0.9999847412109375,,0.9660724278247731,HOLD
2024-12-03,holding,23027.46,,0.9999847412109375,,0.9784167954441452,HOLD
2024-12-04,holding,23255.33,,0.9999847412109375,,0.9880987940309568,HOLD
2024-12-05,holding,23267.94,,0.9999847412109375,,0.9886345819897915,HOLD
2024-12-06,holding,23193.27,,0.9999847412109375,,0.9854619184778014,HOLD
2024-12-09,holding,23273.25,,0.9999847412109375,,0.9888601992825286,HOLD
2024-12-10,holding,23125.08,,0.9999847412109375,,0.9825645845433885,HOLD
2024-12-11,holding,22903.63,,0.9999847412109375,,0.9731553661862138,HOLD
2024-12-12,holding,23046.8,,0.9999847412109375,,0.9792385352636429,HOLD
2024-12-13,holding,23020.48,,0.9999847412109375,,0.9781202213003969,HOLD
2024-12-16,holding,23039.9,,0.9999847412109375,,0.978945360250482,HOLD
2024-12-17,holding,23018.01,,0.9999847412109375,,0.9780152731435117,HOLD
2024-12-18,holding,23168.67,,0.9999847412109375,,0.9844166858221838,HOLD
2024-12-19,holding,22932.25,,0.9999847412109375,,0.9743714051538468,HOLD
2024-12-20,holding,22510.25,,0.9999847412109375,,0.9564409913054488,HOLD
2024-12-23,holding,23104.54,,0.9999847412109375,,0.9816918577650802,HOLD
2024-12-24,holding,23120.24,,0.9999847412109375,,0.9823589371428524,HOLD
2024-12-25,holding,23220.13,,0.9999847412109375,,0.9866031765725122,HOLD
2024-12-26,holding,23246.94,,0.9999847412109375,,0.9877423102106058,HOLD
2024-12-27,holding,23275.68,,0.9999847412109375,,0.98896344787412,HOLD
2024-12-30,holding,23190.2,,0.9999847412109375,,0.9853314768415109,HOLD
2024-12-31,holding,23035.1,,0.9999847412109375,,0.9787414124152394,HOLD
2025-01-02,holding,22832.06,,0.9999847412109375,,0.9701144189844843,HOLD
2025-01-03,holding,22908.3,,0.9999847412109375,,0.9733537904342516,HOLD
2025-01-06,holding,23547.71,,0.9999847412109375,,1.0005217665451618,HOLD
2025-01-07,holding,23651.27,,0.999984860420227,,1.0049219410905177,HOLD
2025-01-08,holding,23407.33,,0.9999847412109375,,0.9945571421469674,HOLD
2025-01-09,holding,23081.13,,0.9999847412109375,,0.9806971871769499,HOLD
2025-01-10,holding,23011.86,,0.9999847412109375,,0.9777539649796073,HOLD
2025-01-13,holding,22488.33,,0.9999847412109375,,0.9555096295245085,HOLD
2025-01-14,holding,22797.52,,0.9999847412109375,,0.9686468443533855,HOLD
2025-01-15,holding,22514.57,,0.9999847412109375,,0.956624544357167,HOLD
2025-01-16,holding,23025.1,,0.9999847412109375,,0.9783165210918177,HOLD
2025-01-17,holding,23148.08,,0.9999847412109375,,0.9835418345872585,HOLD
2025-01-20,holding,23266.82,,0.9999847412109375,,0.9885869941615683,HOLD
2025-01-21,holding,23300.01,,0.9999847412109375,,0.9899972084640051,HOLD
2025-01-22,holding,23525.41,,0.9999847412109375,,0.9995742588939314,HOLD
2025-02-03,holding,22694.71,,0.9999847412109375,,0.9642785366572865,HOLD
2025-02-04,holding,22793.96,,0.9999847412109375,,0.9684955830422474,HOLD
2025-02-05,holding,23161.58,,0.9999847412109375,,0.9841154378738779,HOLD
2025-02-06,holding,23316.6,,0.9999847412109375,,0.9907021031695618,HOLD
2025-02-07,holding,23478.27,,0.9999847412109375,,0.9975713211953213,HOLD
2025-02-10,holding,23252.14,,0.9999847412109375,,0.9879632536987851,HOLD
2025-02-11,holding,23384.05,,0.9999847412109375,,0.9935679951460414,HOLD
2025-02-12,holding,23289.75,,0.9999847412109375,,0.9895612699661744,HOLD
2025-02-13,holding,23399.41,,0.9999847412109375,,0.9942206282188173,HOLD
2025-02-14,holding,23152.61,,0.9999847412109375,,0.9837343103567685,HOLD
2025-02-17,holding,23505.33,,0.9999847412109375,,0.9987210771165006,HOLD
2025-02-18,holding,23666.11,,0.9999847412109375,,1.0055524798144755,HOLD
2025-02-19,holding,23604.08,,0.999984860420227,,1.0029168789352905,HOLD
2025-02-20,holding,23487.46,,0.9999847412109375,,0.9979617963215458,HOLD
2025-02-21,holding,23730.25,,0.999984860420227,,1.0082777327629024,HOLD
2025-02-24,holding,23565.31,,0.9999847412109375,,1.0012695752743843,HOLD
2025-02-25,holding,23285.72,,0.9999847412109375,,0.9893900387628355,HOLD
2025-02-26,holding,23402.55,,0.9999847412109375,,0.9943540440943717,HOLD
2025-02-27,holding,23053.18,,0.9999847412109375,,0.979509615927986,HOLD
2025-03-03,holding,22756.25,,0.9999847412109375,,0.9668933178616239,HOLD
2025-03-04,holding,22596.88,,0.9999847412109375,,0.9601218248402515,HOLD
2025-03-05,holding,22871.9,,0.9999847412109375,,0.9718071860169966,HOLD
2025-03-06,holding,22715.43,,0.9999847412109375,,0.9651589114794163,HOLD
2025-03-07,holding,22576.07,,0.9999847412109375,,0.9592376259962108,HOLD
2025-03-10,holding,22459.15,,0.9999847412109375,,0.9542697966427638,HOLD
2025-03-11,holding,22071.09,,0.9999847412109375,,0.9377814639460592,HOLD
2025-03-12,holding,22278.36,,0.9999847412109375,,0.9465881864066219,HOLD
2025-03-13,holding,21961.68,,0.9999847412109375,,0.9331327279765018,HOLD
2025-03-14,holding,21968.05,,0.9999847412109375,,0.9334033837495215,HOLD
2025-03-17,holding,22118.63,,0.9999847412109375,,0.9398013972976063,HOLD
2025-03-18,holding,22271.67,,0.9999847412109375,,0.9463039341112526,HOLD
2025-03-19,holding,21960.83,,0.9999847412109375,,0.9330966122140111,HOLD
2025-03-20,holding,22377.26,,0.9999847412109375,,0.9507903615952629,HOLD
2025-03-21,holding,22209.1,,0.9999847412109375,,0.9436453891006027,HOLD
2025-03-24,holding,22106.64,,0.9999847412109375,,0.9392919526008235,HOLD
2025-03-25,holding,22273.19,,0.999984622001648,,0.9463685175924127,HOLD
2025-03-26,holding,22260.29,,0.9999847412109375,,0.9458204077851987,HOLD
2025-03-27,holding,21951.76,,0.9999847412109375,,0.9327112357836673,HOLD
2025-03-28,holding,21602.89,,0.9999847412109375,,0.9178880521834527,HOLD
2025-03-31,idle,20695.9,0.9999316930770874,,BUY,,
2025-04-01,holding,21280.17,,0.999984622001648,,1.0282311955508094,HOLD
2025-04-02,holding,21298.22,,0.999984622001648,,1.0291033489725019,HOLD
2025-04-07,holding,19232.35,,0.9999845027923584,,0.9292830947192438,HOLD
2025-04-08,holding,18459.95,,0.999984622001648,,0.8919616928956943,HOLD
2025-04-09,idle,17391.76,1.0,,BUY,,
2025-04-10,holding,19000.03,,0.9999845027923584,,1.0924731022047223,HOLD
2025-04-11,holding,19528.77,,0.999984622001648,,1.1228748556787813,HOLD
2025-04-14,holding,19513.09,,0.999984622001648,,1.1219732793000825,HOLD
2025-04-15,holding,19857.67,,0.999984622001648,,1.1417861102039126,HOLD
2025-04-16,holding,19468.0,,0.999984622001648,,1.1193806722263877,HOLD
2025-04-17,holding,19338.73,,0.999984622001648,,1.1119478419665405,HOLD
2025-04-18,holding,19395.03,,0.9999845027923584,,1.1151850071528127,HOLD
2025-04-21,holding,19106.2,,0.9999845027923584,,1.0985777172638078,HOLD
2025-04-22,holding,18793.43,,0.9999845027923584,,1.080593913439468,HOLD
2025-04-23,holding,19639.14,,0.999984622001648,,1.1292209644107325,HOLD
2025-04-24,holding,19478.81,,0.999984622001648,,1.1200022309415496,HOLD
2025-04-25,holding,19872.73,,0.999984622001648,,1.1426520375166171,HOLD
2025-04-28,holding,20034.41,,0.999984622001648,,1.1519483939520785,HOLD
2025-04-29,holding,20232.63,,0.9999847412109375,,1.1633457453414722,HOLD
2025-04-30,holding,20235.03,,0.9999847412109375,,1.163483741725967,HOLD
2025-05-02,holding,20787.64,,0.9999847412109375,,1.1952579842408129,HOLD
2025-05-05,holding,20532.99,,0.9999847412109375,,1.1806159928609872,HOLD
2025-05-06,holding,20522.59,,0.9999847412109375,,1.1800180085281766,HOLD
2025-05-07,holding,20546.49,,0.9999847412109375,,1.18139222252377,HOLD
2025-05-08,holding,20543.4,,0.9999847412109375,,1.1812145521787332,HOLD
2025-05-09,holding,20915.04,,0.9999847412109375,,1.2025832923177415,HOLD
2025-05-12,holding,21129.54,,0.9999847412109375,,1.2149167191819576,HOLD
2025-05-13,holding,21330.14,,0.999984860420227,,1.226450916985975,HOLD
2025-05-14,holding,21782.87,,0.999984860420227,,1.252482209966099,HOLD
2025-05-15,holding,21730.25,,0.999984860420227,,1.2494566392360522,HOLD
2025-05-16,holding,21843.69,,0.999984860420227,,1.2559792683431694,HOLD
2025-05-19,holding,21523.83,,0.999984860420227,,1.237587800199635,HOLD
2025-05-20,holding,21526.03,,0.9999847412109375,,1.2377142968854216,HOLD
2025-05-21,holding,21803.91,,0.999984860420227,,1.2536919782701694,HOLD
2025-05-22,holding,21670.96,,0.999984860420227,,1.246047553554097,HOLD
2025-05-23,holding,21652.24,,0.999984860420227,,1.2449711817550382,HOLD
2025-05-26,holding,21536.57,,0.999984860420227,,1.2383203310073276,HOLD
2025-05-27,holding,21336.54,,0.9999847412109375,,1.2268189073446278,HOLD
2025-05-28,holding,21357.72,,0.9999847412109375,,1.2280367254377937,HOLD
2025-05-29,holding,21347.3,,0.999984860420227,,1.2274375911351123,HOLD
2025-06-02,holding,21002.71,,0.9999847412109375,,1.2076241852463465,HOLD
2025-06-03,holding,21126.93,,0.9999847412109375,,1.2147666481138195,HOLD
2025-06-04,holding,21618.09,,0.999984860420227,,1.2430076082006654,HOLD
2025-06-05,holding,21674.43,,0.999984860420227,,1.246247073326679,HOLD
2025-06-06,holding,21660.66,,0.999984860420227,,1.2454553190706406,HOLD
2025-06-09,holding,21790.29,,0.999984860420227,,1.2529088487881619,HOLD
2025-06-10,holding,22242.14,,0.999984860420227,,1.278889543093971,HOLD
2025-06-11,holding,22470.1,,0.999984860420227,,1.2919968996812283,HOLD
2025-06-12,holding,22287.82,,0.999984860420227,,1.281516074278854,HOLD
2025-06-13,holding,22072.95,,0.999984860420227,,1.2691613729720284,HOLD
2025-06-16,holding,22049.9,,0.9999847412109375,,1.2678360326959435,HOLD
2025-06-17,holding,22211.59,,0.999984860420227,,1.2771329641163403,HOLD
2025-06-18,holding,22356.73,,0.999984860420227,,1.2854782954686588,HOLD
2025-06-19,holding,22003.5,,0.999984860420227,,1.2651681025957122,HOLD
2025-06-20,holding,22045.74,,0.999984860420227,,1.2675968389628194,HOLD
2025-06-23,holding,21732.02,,0.9999847412109375,,1.249558411569617,HOLD
2025-06-24,holding,22188.76,,0.999984860420227,,1.2758202735088342,HOLD
2025-06-25,holding,22430.61,,0.999984860420227,,1.2897262841713548,HOLD
2025-06-26,holding,22492.34,,0.999984860420227,,1.2932756661775462,HOLD
2025-06-27,holding,22580.08,,0.999984860420227,,1.2983205840006995,HOLD
2025-06-30,holding,22256.02,,0.999984860420227,,1.279687622184299,HOLD
2025-07-01,holding,22553.72,,0.999984860420227,,1.2968049237109989,HOLD
2025-07-02,holding,22577.74,,0.999984860420227,,1.298186037525817,HOLD
2025-07-03,holding,22712.97,,0.999984860420227,,1.3059615588071594,HOLD
2025-07-04,holding,22547.5,,0.999984860420227,,1.2964472830811833,HOLD
2025-07-07,holding,22428.72,,0.9999847412109375,,1.2896176120185654,HOLD
2025-07-08,holding,22362.27,,0.9999847412109375,,1.2857968371228676,HOLD
2025-07-09,holding,22527.01,,0.999984860420227,,1.2952691389485596,HOLD
2025-07-10,holding,22693.25,,0.999984860420227,,1.304827688514561,HOLD
2025-07-11,holding,22751.03,,0.999984860420227,,1.3081499514712716,HOLD
2025-07-14,holding,22614.97,,0.999984860420227,,1.3003267064402915,HOLD
2025-07-15,holding,22835.94,,0.999984860420227,,1.313032148557708,HOLD
2025-07-16,holding,23042.9,,0.999984860420227,,1.3249320367806365,HOLD
2025-07-17,holding,23113.28,,0.999984860420227,,1.3289787807559443,HOLD
2025-07-18,holding,23383.13,,0.999984860420227,,1.34449474923757,HOLD
2025-07-21,holding,23340.56,,0.999984860420227,,1.3420470383675949,HOLD
2025-07-22,holding,22987.92,,0.999984860420227,,1.3217707696058363,HOLD
2025-07-23,holding,23318.67,,0.999984860420227,,1.340788396344016,HOLD
2025-07-24,holding,23373.73,,0.999984860420227,,1.343954263398299,HOLD
2025-07-25,holding,23364.38,,0.999984860420227,,1.343416652483705,HOLD
2025-07-28,holding,23412.98,,0.999984860420227,,1.3462110792697233,HOLD
2025-07-29,holding,23201.52,,0.999984860420227,,1.334052447825867,HOLD
2025-07-30,holding,23461.72,,0.999984860420227,,1.349013555844837,HOLD
2025-07-31,holding,23542.52,,0.999984860420227,,1.353659434122826,HOLD
2025-08-01,holding,23434.38,,0.999984860420227,,1.347441547031468,HOLD
2025-08-04,holding,23378.94,,0.999984860420227,,1.3442538305496397,HOLD
2025-08-05,holding,23660.59,,0.999984860420227,,1.3604482812550311,HOLD
2025-08-06,holding,23447.36,,0.999984860420227,,1.3481878774776102,HOLD
2025-08-07,holding,24003.77,,0.999984860420227,,1.3801806142679063,HOLD
2025-08-08,holding,24021.26,,0.999984860420227,,1.3811862629199114,HOLD
2025-08-11,holding,24135.5,,0.999984860420227,,1.3877548908218607,HOLD
2025-08-12,holding,24158.36,,0.999984860420227,,1.3890693063841728,HOLD
2025-08-13,holding,24370.02,,0.999984860420227,,1.401239437526737,HOLD
2025-08-14,holding,24238.1,,0.999984860420227,,1.39365423625901,HOLD
2025-08-15,holding,24334.48,,0.999984860420227,,1.3991959410663442,HOLD
2025-08-18,holding,24482.52,,0.999984860420227,,1.4077080180499273,HOLD
2025-08-19,holding,24353.5,,0.999984860420227,,1.4002895624134648,HOLD
2025-08-20,holding,23625.44,,0.999984860420227,,1.3584272092071188,HOLD
2025-08-21,holding,23962.13,,0.999984860420227,,1.377786376996923,HOLD
2025-08-22,holding,23764.47,,0.9999847412109375,,1.3664212247639114,HOLD
2025-08-25,holding,24277.38,,0.999984860420227,,1.3959127770852406,HOLD
2025-08-26,holding,24305.1,,0.999984860420227,,1.3975066353261545,HOLD
2025-08-27,holding,24519.9,,0.999984860420227,,1.4098573117384328,HOLD
2025-08-28,holding,24236.45,,0.999984860420227,,1.3935593637446702,HOLD
2025-08-29,holding,24233.1,,0.999984860420227,,1.3933667437913126,HOLD
2025-09-01,holding,24071.73,,0.999984860420227,,1.3840882118888487,HOLD
2025-09-02,holding,24016.78,,0.999984860420227,,1.3809286696688547,HOLD
2025-09-03,holding,24100.3,,0.9999847412109375,,1.3857309438492713,HOLD
2025-09-04,holding,24179.85,,0.999984860420227,,1.390304949010336,HOLD
2025-09-05,holding,24494.58,,0.999984860420227,,1.4084014498820132,HOLD
2025-09-08,holding,24547.38,,0.999984860420227,,1.4114373703408973,HOLD
2025-09-09,holding,24855.18,,0.999984860420227,,1.4291354066523458,HOLD
2025-09-10,holding,25192.59,,0.999984860420227,,1.4485359733574983,HOLD
2025-09-11,holding,25215.71,,0.999984860420227,,1.4498653385281306,HOLD
2025-09-12,holding,25474.64,,0.999984860420227,,1.4647534234603055,HOLD
2025-09-15,holding,25357.16,,0.999984860420227,,1.4579985004392886,HOLD
2025-09-16,holding,25629.64,,0.999984860420227,,1.473665689958923,HOLD
2025-09-17,holding,25438.25,,0.999984860420227,,1.462661053280404,HOLD
2025-09-18,holding,25769.36,,0.999984860420227,,1.4816993794762578,HOLD
2025-09-19,holding,25578.37,,0.999984860420227,,1.4707177421951545,HOLD
2025-09-22,holding,25880.6,,0.999984860420227,,1.4880955118975883,HOLD
2025-09-23,holding,26247.37,,0.999984860420227,,1.5091842343730595,HOLD
2025-09-24,holding,26196.73,,0.999984860420227,,1.5062725106602208,HOLD
2025-09-25,holding,26023.85,,0.999984860420227,,1.4963321710971174,HOLD
2025-09-26,holding,25580.32,,0.999984860420227,,1.4708298642575566,HOLD
2025-09-30,idle,25820.54,1.0,,WAIT,,
2025-10-01,idle,25982.91,1.0,,WAIT,,
2025-10-02,idle,26378.39,1.0,,WAIT,,
2025-10-03,idle,26761.06,1.0,,WAIT,,
2025-10-07,idle,27211.95,1.0,,WAIT,,
2025-10-08,idle,27063.68,1.0,,WAIT,,
2025-10-09,idle,27301.92,1.0,,WAIT,,
2025-10-13,idle,26923.42,0.9999959468841553,,WAIT,,
2025-10-14,idle,26793.15,1.0,,WAIT,,
2025-10-15,idle,27275.71,1.0,,WAIT,,
2025-10-16,idle,27647.87,1.0,,WAIT,,
2025-10-17,idle,27302.37,1.0,,WAIT,,
2025-10-20,idle,27688.63,1.0,,WAIT,,
2025-10-21,idle,27752.41,1.0,,WAIT,,
2025-10-22,idle,27648.91,1.0,,WAIT,,
2025-10-23,idle,27532.26,1.0,,WAIT,,
2025-10-27,idle,27993.63,1.0,,WAIT,,
2025-10-28,idle,27949.11,1.0,,WAIT,,
2025-10-29,idle,28294.74,1.0,,WAIT,,
2025-10-30,idle,28287.53,1.0,,WAIT,,
2025-10-31,idle,28233.35,1.0,,WAIT,,
2025-11-03,idle,28334.59,1.0,,WAIT,,
2025-11-04,idle,28116.56,1.0,,WAIT,,
2025-11-05,idle,27717.06,1.0,,WAIT,,
2025-11-06,idle,27899.45,1.0,,WAIT,,
2025-11-07,idle,27651.41,1.0,,WAIT,,
2025-11-10,idle,27869.51,1.0,,WAIT,,
2025-11-11,idle,27784.95,1.0,,WAIT,,
2025-11-12,idle,27947.09,1.0,,WAIT,,
2025-11-13,idle,27903.56,1.0,,WAIT,,
2025-11-14,idle,27397.5,1.0,,WAIT,,
2025-11-17,idle,27447.31,1.0,,WAIT,,
2025-11-18,idle,26756.12,1.0,,WAIT,,
2025-11-19,idle,26580.12,1.0,,WAIT,,
2025-11-20,idle,27426.36,1.0,,WAIT,,
2025-11-21,idle,26434.94,1.0,,WAIT,,
2025-11-24,idle,26504.24,1.0,,WAIT,,
2025-11-25,idle,26912.17,1.0,,WAIT,,
2025-11-26,idle,27409.54,1.0,,WAIT,,
2025-11-27,idle,27554.53,1.0,,WAIT,,
2025-11-28,idle,27626.48,1.0,,WAIT,,
2025-12-01,idle,27342.53,1.0,,WAIT,,
2025-12-02,idle,27564.27,1.0,,WAIT,,
2025-12-03,idle,27793.04,1.0,,WAIT,,
2025-12-04,idle,27795.71,1.0,,WAIT,,
2025-12-05,idle,27980.89,1.0,,WAIT,,
2025-12-08,idle,28303.78,1.0,,WAIT,,
2025-12-09,idle,28182.6,1.0,,WAIT,,
2025-12-10,idle,28400.73,1.0,,WAIT,,
2025-12-11,idle,28024.75,1.0,,WAIT,,
2025-12-12,idle,28198.02,1.0,,WAIT,,
